HCP_ID,Prob_Email,Prob_Web,Prob_Webinar,Prob_Sales_Rep,Next_Best_Channel,Composite_Engagement_Score
1598767816,0.3886,0.9261,0.707,0.0011,Web,50.57
1699778142,0.3964,0.2061,0.5004,0.018,Webinar,28.02
1942203112,0.2653,0.2155,0.7875,0.0004,Webinar,31.72
1568465094,0.0253,0.0158,0.1122,0.0093,Webinar,4.06
1740282029,0.1125,0.0879,0.0,0.0148,Email,5.38
1689677031,0.9549,0.9912,0.9604,0.0062,Web,72.82
1982607347,0.5386,0.0,0.1422,0.0195,Email,17.51
1427050749,0.9836,0.7315,0.964,0.006,Email,67.13
1093719353,0.0,0.0073,0.0,0.0085,Sales_Rep,0.4
1932101011,0.5214,0.7001,0.8525,0.0144,Webinar,52.21
1497759773,0.8081,0.0,0.069,0.0106,Email,22.19
1386646503,0.0,0.2681,0.0,0.0148,Web,7.07
1497758486,0.4063,0.9673,0.747,0.0006,Web,53.03
1629071733,0.7667,0.8248,0.1306,0.0128,Web,43.37
1427051036,0.0041,0.1226,0.0,0.0158,Web,3.56
1013910744,0.294,0.004,0.0,0.0086,Email,7.66
1265434229,0.6074,0.0204,0.0,0.0183,Email,16.15
1922001437,0.1961,0.6878,0.8993,0.0146,Webinar,44.94
1770586646,0.6982,0.6664,0.0,0.0015,Email,34.15
1417959727,0.5665,0.3665,0.0,0.0076,Email,23.52
1770586158,0.8272,0.3872,0.203,0.0015,Email,35.47
1659374650,0.627,0.3501,0.0064,0.0015,Email,24.62
1578567848,0.3403,0.4494,0.4123,0.0179,Web,30.5
1174525323,0.3014,0.0073,0.9648,0.0169,Webinar,32.26
1255334199,0.0,0.0473,0.7199,0.0015,Webinar,19.22
1225031834,0.4519,0.6995,0.4257,0.0089,Web,39.65
1932102985,0.1129,0.0692,0.4834,0.0107,Webinar,16.9
1184627309,0.9183,0.9912,0.8711,0.0011,Web,69.54
1508869769,0.7029,0.9954,0.9776,0.0105,Web,67.16
1679576144,0.598,0.9685,0.6746,0.0108,Web,56.3
1093718397,0.6413,0.7006,0.6734,0.0055,Web,50.52
1497758585,0.2578,1.0,0.9113,0.0101,Web,54.48
1376546382,0.0,0.1531,0.0,0.0152,Web,4.21
1851393151,0.6781,0.3129,0.6805,0.025,Webinar,42.41
1639172927,0.0,0.397,0.0064,0.0194,Web,10.57
1245233345,0.0061,0.0027,0.0,0.0075,Sales_Rep,0.41
1861495152,0.5819,0.0189,0.0,0.0015,Email,15.06
1821091984,0.3659,0.2435,0.1212,0.0085,Email,18.48
1821091778,0.5942,0.4433,0.3213,0.0082,Email,34.17
1710989926,0.6774,0.703,0.9776,0.0152,Webinar,59.33
1881696052,0.3879,0.9954,0.2042,0.0015,Web,39.72
1720082787,0.0,0.1027,0.2717,0.0088,Webinar,9.58
1083618078,0.0,0.167,0.0454,0.0059,Web,5.46
1881697860,0.5175,0.9134,0.8753,0.0106,Web,57.92
1619970787,0.0,0.0,0.7256,0.0111,Webinar,18.42
1891798518,1.0,0.9268,0.6902,0.0042,Email,65.53
1700888922,0.5919,0.9956,0.6977,0.0011,Web,57.16
1457354359,0.3001,0.4045,0.9677,0.0105,Webinar,42.07
1356344543,0.889,0.8372,0.1037,0.0015,Email,45.78
1023010105,0.7765,1.0,0.0793,0.0148,Web,46.76
1568465300,0.2555,0.0,0.0,0.0078,Email,6.58
1154323459,0.0041,0.0,0.4515,0.0118,Webinar,11.68
1467455931,0.0,0.0027,0.3137,0.0279,Webinar,8.61
1669475588,0.0041,0.0,0.1486,0.0015,Webinar,3.86
1558363861,0.0,0.0073,0.3516,0.0106,Webinar,9.24
1497758650,0.8258,1.0,0.7102,0.001,Web,63.42
1316949571,0.6689,0.747,0.0,0.2353,Web,41.28
1255333522,0.0423,0.3979,0.0722,0.0099,Web,13.06
1932102860,0.8034,0.6156,0.3853,0.236,Email,51.01
1942203898,0.0508,0.0,0.0,0.0108,Email,1.54
1457354102,0.4987,0.0,0.0,0.0035,Email,12.56
1487658464,0.2393,0.0735,0.149,0.0005,Email,11.56
1659373603,0.002,0.0208,0.1365,0.001,Webinar,4.01
1346244324,0.598,0.2534,0.0,0.0112,Email,21.56
1790788560,0.7705,0.0535,0.6129,0.0039,Email,36.02
1205839628,0.627,0.0935,0.0277,0.0058,Email,18.85
1588666705,0.2917,0.1722,0.2695,0.0095,Email,18.57
1902809262,0.1345,0.4179,0.7519,0.0109,Webinar,32.88
1720081508,0.6982,0.1193,0.9559,0.0138,Webinar,44.68
1033111349,0.5619,0.9939,0.4303,0.0175,Web,50.09
1396748802,0.0174,0.0239,0.0,0.0006,Web,1.05
1457353666,0.0,0.0,0.0,0.0076,Sales_Rep,0.19
1235133588,0.5819,0.0,0.1786,0.0148,Email,19.38
1215930045,0.9187,0.991,0.6439,0.0112,Web,64.12
1740282862,0.863,0.991,0.562,0.0065,Web,60.56
1306849062,0.0,0.3909,0.0,0.0158,Web,10.17
1861495475,0.8519,0.991,0.8514,0.0011,Web,67.39
1013910157,0.9223,0.9324,0.923,0.0152,Web,69.82
1225031552,0.2314,0.0073,0.3147,0.0152,Webinar,14.22
1821091331,0.0,0.0493,0.0414,0.0039,Web,2.37
1922001452,0.5175,0.0073,0.4039,0.0,Email,23.22
1548263569,0.0807,0.0,0.7277,0.0128,Webinar,20.53
1194728386,0.9426,1.0,0.9702,0.0111,Web,73.1
1881697803,0.196,0.1226,0.0102,0.0055,Email,8.36
1194728576,0.882,0.8648,0.981,0.001,Webinar,68.22
1962405290,0.1005,0.0,0.5107,0.008,Webinar,15.48
1265435044,0.8349,0.9774,0.3147,0.0055,Web,53.31
1972506913,0.5558,0.1512,0.8238,0.0148,Webinar,38.64
1962405217,0.685,0.0,0.0,0.0115,Email,17.41
1992709240,0.002,0.4465,0.0,0.0136,Web,11.55
1356344170,0.2559,0.0155,0.045,0.0152,Email,8.29
1417950189,0.1306,0.0027,0.0,0.0015,Email,3.37
1851394654,0.5337,0.9261,0.6606,0.0015,Web,53.05
1982607669,0.0041,0.6047,0.2585,0.006,Web,21.83
1699779926,0.6402,0.9985,0.6467,0.023,Web,57.71
1568466464,0.0,0.0027,0.0398,0.0006,Webinar,1.08
1649272600,0.0,0.0073,0.1044,0.0015,Webinar,2.83
1346243789,0.1944,0.4056,0.0,0.0061,Web,15.15
1710989942,0.6039,0.0,0.7317,0.0055,Webinar,33.53
1194728972,0.882,0.5766,0.9406,0.0148,Webinar,60.35
1881698116,0.0081,0.3331,0.4849,0.0011,Webinar,20.68
1871596338,0.0,0.267,0.3147,0.0091,Webinar,14.77
1730181025,0.0,0.107,0.0,0.0152,Web,3.06
1831192210,0.002,0.0,0.3062,0.0146,Webinar,8.07
1346242500,0.0041,0.0105,0.0699,0.0111,Webinar,2.39
1871596734,0.8636,0.5103,0.8308,0.0124,Email,55.43
1104829902,0.8706,1.0,0.9412,0.0152,Web,70.68
1760485874,0.6146,0.0879,0.6129,0.0107,Email,33.15
1225032501,0.002,0.0632,0.2214,0.0152,Webinar,7.54
1699778225,0.0,0.0535,0.2374,0.0189,Webinar,7.74
1932102035,0.2393,0.0,0.0,0.0082,Email,6.19
1619979978,0.5357,0.9939,0.835,0.0086,Web,59.33
1053314419,0.0,0.8103,0.0322,0.0148,Web,21.43
1265435721,0.889,0.9912,0.9554,0.0078,Web,71.08
1649274986,0.0,0.2592,0.3679,0.0015,Webinar,15.71
1598768418,0.5058,0.9772,0.7044,0.0032,Web,54.77
1225031289,0.87,1.0,0.8712,0.0015,Web,68.57
1730182957,0.8454,0.7505,0.8325,0.0148,Email,61.08
1154324663,0.3711,0.6775,0.9604,0.0118,Webinar,50.52
1295737468,0.8452,0.9927,0.532,0.0152,Web,59.63
1457354235,0.4298,0.7674,0.4507,0.0015,Web,41.24
1457354946,0.882,1.0,0.9381,0.0193,Web,70.98
1841293198,0.8088,0.518,0.6357,0.0111,Email,49.34
1306849807,0.1343,0.3724,0.2202,0.0005,Web,18.19
1225031057,0.4768,0.2808,0.2837,0.0011,Email,26.06
1407859200,0.0,0.4429,0.1657,0.0071,Web,15.39
1528061447,0.8709,0.7463,0.9776,0.0152,Webinar,65.25
1831192962,0.0148,0.1257,0.4283,0.0005,Webinar,14.23
1528062502,0.5857,0.2395,0.1225,0.0144,Email,24.05
1407859135,0.6278,0.7624,0.9702,0.0152,Webinar,59.39
1184627515,0.882,0.8746,0.3285,0.0005,Email,52.14
1144222407,0.6146,0.13,0.1314,0.0111,Email,22.18
1487657201,0.8794,1.0,0.9861,0.0055,Web,71.78
1225031297,0.002,0.0077,0.3231,0.0081,Webinar,8.52
1821091844,0.3894,0.0,0.0,0.0148,Email,10.1
1740283951,0.3014,0.142,0.0,0.0098,Email,11.33
1770586018,0.6468,0.6704,0.7922,0.0148,Webinar,53.1
1770586760,0.1502,0.1951,0.0,0.0148,Web,9.0
1356343420,0.007,0.0,0.4105,0.0227,Webinar,11.0
1710989884,0.7667,0.8666,0.9244,0.0149,Webinar,64.32
1548263080,0.002,0.818,0.0,0.2971,Web,27.93
1013910223,0.6065,0.8628,0.9209,0.0148,Webinar,60.13
1124020490,0.4943,0.4908,0.8182,0.1753,Webinar,49.46
1437153715,0.9228,0.9939,0.923,0.0108,Web,71.26
1417950379,0.9694,0.9912,0.9001,0.0096,Web,71.76
1316940612,0.1005,0.0027,0.1832,0.0006,Webinar,7.18
1174526354,0.6108,0.9912,0.9828,0.0111,Web,64.9
1427050772,0.0,0.0027,0.0,0.0145,Sales_Rep,0.43
1962405464,0.0,0.0073,0.3941,0.0108,Webinar,10.3
1841293339,0.9027,0.8927,0.9069,0.0011,Webinar,67.59
1447252796,0.0,0.0,0.0,0.0015,Sales_Rep,0.04
1407859465,0.8128,0.0359,0.0,0.0011,Email,21.24
1952304651,0.5565,0.0073,0.4089,0.0098,Email,24.56
1831192491,0.0,0.7233,0.9063,0.0015,Webinar,40.78
1972506541,0.7104,0.4445,0.6002,0.0089,Email,44.1
1548263825,0.0,0.0027,0.0,0.0105,Sales_Rep,0.33
1043213408,0.2732,0.2592,0.0,0.0149,Email,13.68
1174526248,0.002,0.3353,0.6208,0.1879,Webinar,28.65
1659374718,0.9035,0.2289,0.7258,0.006,Email,46.6
1275537540,0.0,0.0027,0.6567,0.0152,Webinar,16.86
1629071568,0.1129,0.9958,0.6351,0.0138,Web,43.94
1336141399,0.0,0.0535,0.0454,0.2437,Sales_Rep,8.57
1033113014,0.0,0.1335,0.0,0.0015,Web,3.38
1528061579,0.0338,0.0073,0.0,0.015,Email,1.4
1063415909,0.2585,1.0,0.6313,0.0111,Web,47.52
1518960434,0.889,0.9927,0.9435,0.0152,Web,71.01
1437152758,0.7029,0.9336,0.8095,0.0005,Web,61.16
1306849112,0.4506,0.0,0.0038,0.0032,Email,11.44
1912909052,0.7899,0.931,0.584,0.0111,Web,57.9
1881696078,0.2245,0.9954,0.5834,0.011,Web,45.36
1316940018,0.0,0.1002,0.0,0.2013,Sales_Rep,7.54
1558363671,0.0694,0.0,0.0,0.0148,Email,2.1
1912901992,0.491,0.0974,0.0,0.0,Email,14.71
1740283191,0.9572,0.5166,0.1558,0.0148,Email,41.11
1881696060,0.8443,0.9927,0.6481,0.0011,Web,62.16
1932102225,0.1321,0.0664,0.72,0.0146,Webinar,23.33
1831192475,0.9843,0.8958,0.99,0.0039,Webinar,71.85
1962405993,0.0,0.0353,0.2129,0.0005,Webinar,6.22
1477556702,0.002,0.0,0.2855,0.0121,Webinar,7.49
1922001635,0.5386,0.1027,0.0,0.0099,Email,16.28
1861495004,0.7416,0.1945,0.0,0.0079,Email,23.6
1467455352,0.7943,0.5696,0.8497,0.0142,Webinar,55.7
1982608907,0.0,0.0493,0.7697,0.0055,Webinar,20.61
1801899497,0.4915,0.1056,0.0519,0.0128,Email,16.55
1487657607,0.0,0.0073,0.0,0.0152,Sales_Rep,0.56
1396748877,0.0508,0.0064,0.0,0.0039,Email,1.53
1124020458,0.002,0.0,0.4092,0.001,Webinar,10.3
1578566220,0.7624,0.9685,0.9861,0.0032,Webinar,68.01
1093719981,0.1135,0.0535,0.081,0.0108,Email,6.47
1073516290,0.3182,0.0027,0.1504,0.0189,Email,12.26
1184627887,0.0,0.2018,0.8308,0.0079,Webinar,26.01
1326041930,0.0221,0.2244,0.1637,0.0011,Web,10.28
1083617583,0.7605,0.6949,0.9276,0.0152,Webinar,59.96
1326041419,0.0,0.0027,0.0,0.0036,Sales_Rep,0.16
1144223629,0.1016,0.051,0.2156,0.0015,Webinar,9.24
1013910884,0.765,0.7971,0.9738,0.0011,Webinar,63.42
1467456459,0.882,0.935,0.8989,0.0148,Web,68.27
1578566626,0.0634,0.0,0.0,0.001,Email,1.61
1386647774,0.6946,0.9925,0.6777,0.001,Web,59.14
1003818139,0.8639,0.7628,0.6887,0.0111,Email,58.16
1568464790,0.0,0.0,0.3635,0.0149,Webinar,9.46
1134121437,0.87,0.0,0.6574,0.0146,Email,38.55
1578566337,0.5578,0.8927,0.5107,0.0152,Web,49.41
1275537169,0.3175,0.0027,0.3167,0.0115,Email,16.21
1043213895,0.0908,0.7177,0.077,0.0015,Web,22.17
1255334892,0.5306,0.9214,0.9449,0.0015,Webinar,59.96
1649273384,0.0137,0.0236,0.4357,0.0111,Webinar,12.1
1366445207,0.8706,0.6509,0.9564,0.0076,Webinar,62.14
1740284074,0.6703,0.4918,0.0,0.0055,Email,29.19
1992708523,0.0,0.6934,0.0,0.0079,Web,17.53
1720081136,0.002,0.0,0.0,0.2353,Sales_Rep,5.93
1588667695,0.0041,0.1463,0.0651,0.0096,Web,5.63
1023011319,0.8789,0.7992,0.6772,0.2549,Email,65.26
1235131368,0.007,0.0,0.0,0.0115,Sales_Rep,0.46
1629071410,0.9572,0.931,0.1111,0.0015,Email,50.02
1912909235,0.7997,0.4272,0.8812,0.0011,Webinar,52.73
1538162573,0.0,0.1799,0.0,0.3236,Sales_Rep,12.59
1861494908,0.8267,0.8425,0.9641,0.0195,Webinar,66.32
1619970746,0.002,0.0806,0.0173,0.0101,Web,2.75
1073516563,0.8253,0.3911,0.7568,0.0015,Email,49.37
1962405134,0.0174,0.4018,0.304,0.0006,Web,18.1
1649273897,0.6756,0.1274,0.0,0.0098,Email,20.32
1730182551,0.4727,0.5497,0.8527,0.0105,Webinar,47.14
1063415065,0.4519,0.0027,0.0,0.0032,Email,11.44
1487657763,0.8267,0.7948,0.6186,0.2269,Email,61.68
1932102639,0.0,0.5952,0.0,0.0136,Web,15.22
1487658720,0.2912,0.0027,0.0,0.0108,Email,7.62
1376546069,0.0,0.0582,0.0,0.0106,Web,1.72
1740282094,0.9129,0.0983,0.5346,0.0015,Email,38.68
1932102266,0.2925,0.2806,0.4962,0.0107,Webinar,27.0
1851394449,0.7807,1.0,0.9304,0.0011,Web,67.81
1417951476,0.8278,0.5277,0.8145,0.001,Email,54.28
1699778449,0.9667,0.8229,0.6002,0.3416,Email,68.29
1427051549,0.5699,0.8991,0.6789,0.0148,Web,54.07
1528062866,0.5217,0.6039,0.5364,0.0148,Web,41.92
1255333431,0.9843,0.9911,0.5656,0.0152,Web,63.9
1609879501,0.9694,0.0709,0.8497,0.0006,Email,47.26
1558364919,0.9248,0.9956,0.9852,0.0061,Web,72.79
1629070941,0.5716,0.6934,0.6451,0.0011,Web,47.78
1992708465,0.0,0.2521,0.0,0.3257,Sales_Rep,14.44
1447253539,0.5818,0.9912,0.7132,0.0111,Web,57.43
1801899232,0.0,0.1799,0.0,0.0,Web,4.5
1952304644,0.0158,0.0,0.2473,0.0075,Webinar,6.76
1891798088,0.8633,0.9912,0.9381,0.006,Web,69.96
1073516225,0.4599,0.9774,0.166,0.0138,Web,40.43
1598767691,0.0,0.0124,0.6734,0.0011,Webinar,17.17
1609879972,0.4615,0.0,0.0,0.0076,Email,11.73
1376545335,0.2293,0.0,0.4386,0.0138,Webinar,17.04
1801899901,0.733,0.9324,0.9776,0.0183,Webinar,66.53
1194728717,0.007,0.127,0.2202,0.0146,Webinar,9.22
1184627549,0.011,0.8114,0.0,0.0015,Web,20.6
1548262868,0.5919,0.0073,0.3165,0.0115,Email,23.18
1841292067,0.0,0.004,0.2818,0.4636,Sales_Rep,18.74
1962405811,0.5942,0.0,0.4725,0.0221,Email,27.22
1255334496,0.7074,0.9214,0.0998,0.0084,Web,43.42
1497758536,0.0202,0.0073,0.6296,0.0148,Webinar,16.8
1811999022,0.6545,0.0,0.4434,0.0075,Email,27.64
1679576698,0.4519,0.0,0.0,0.0152,Email,11.68
1356345607,0.6272,0.7699,0.7611,0.023,Web,54.53
1063415446,0.3885,0.3816,0.0064,0.0072,Email,19.59
1255334884,0.8105,0.9958,0.6936,0.0039,Web,62.6
1326041138,0.598,0.9925,0.7044,0.001,Web,57.4
1255334686,0.7827,0.0073,0.0,0.0111,Email,20.03
1750384228,0.1663,0.0,0.0714,0.0189,Email,6.42
1316940620,0.7353,0.5488,0.9869,0.0152,Webinar,57.16
1679576813,0.1941,0.0773,0.716,0.0148,Webinar,25.06
1922001643,0.9327,1.0,0.7358,0.0091,Web,66.94
1326042318,0.9063,0.5379,0.8178,0.0102,Email,56.81
1033112404,0.3549,0.022,0.5255,0.0118,Webinar,22.86
1477556041,0.002,0.2148,0.0,0.0219,Web,5.97
1164425112,0.0,0.0447,0.3248,0.0015,Webinar,9.28
1881696185,0.7649,0.7735,0.4357,0.0294,Web,50.09
1013910207,0.1473,0.6052,0.7381,0.0111,Webinar,37.54
1578567814,0.66,0.6528,0.7728,0.2013,Webinar,57.17
1578567830,0.0,0.2738,0.0038,0.0065,Web,7.1
1013911387,0.882,0.6324,0.9035,0.0152,Webinar,60.83
1780687863,0.0908,0.1433,0.0277,0.0085,Web,6.76
1912900689,0.7733,0.2592,0.6734,0.001,Email,42.67
1467454538,0.4962,0.9912,0.7102,0.0011,Web,54.97
1760485031,0.0,0.3501,0.0,0.0015,Web,8.79
1750384335,0.002,0.0832,0.6526,0.0011,Webinar,18.47
1376545673,0.664,0.6131,0.9434,0.2464,Webinar,61.67
1124021803,0.211,0.991,0.8528,0.202,Web,56.42
1689677155,0.0,0.0,0.0,0.0152,Sales_Rep,0.38
1023012309,0.8636,0.9474,0.6653,0.0108,Web,62.18
1700888039,0.9356,0.9084,0.9469,0.0148,Webinar,70.14
1003810029,0.598,0.9825,0.4661,0.0148,Web,51.54
1992708739,0.1005,0.6704,0.8903,0.0011,Webinar,41.56
1720081235,0.6751,0.004,0.1832,0.0111,Email,21.84
1285638544,0.0081,0.0073,0.0,0.0084,Sales_Rep,0.6
1154324051,0.7165,0.8406,0.7398,0.0112,Web,57.7
1689677767,0.66,0.2304,0.0,0.0011,Email,22.29
1477556561,0.8775,0.9985,0.4357,0.0137,Web,58.14
1265435788,0.1288,0.161,0.6132,0.0015,Webinar,22.61
1487657904,0.0,0.0615,0.3312,0.1506,Webinar,13.58
1578566477,0.7222,0.7984,0.8612,0.2804,Webinar,66.56
1912901273,0.6958,0.4623,0.8737,0.0101,Webinar,51.05
1043214059,0.9572,1.0,0.8275,0.0152,Web,70.0
1497758171,0.7416,0.565,0.5167,0.0112,Email,45.86
1609879766,0.7566,0.0239,0.0,0.0011,Email,19.54
1952304883,0.7079,0.2659,0.9492,0.0092,Webinar,48.31
1053313189,0.0,0.0077,0.4357,0.0039,Webinar,11.18
1518960210,0.9332,0.9772,0.8416,0.0065,Web,68.96
1093717258,0.716,0.267,0.9225,0.0148,Webinar,48.01
1508869959,0.962,0.9184,0.8274,0.0082,Email,67.9
1568464626,0.5819,0.0726,0.0,0.0175,Email,16.8
1083617427,0.0,0.0077,0.0102,0.0195,Sales_Rep,0.94
1710980297,0.6146,0.5698,0.9881,0.0109,Webinar,54.59
1669474896,0.0,0.0,0.0,0.0015,Sales_Rep,0.04
1528060779,0.1275,0.0027,0.0,0.0032,Email,3.34
1639172554,0.8706,0.9927,0.9828,0.0079,Web,71.35
1639171911,0.6146,0.0,0.1869,0.0138,Email,20.38
1356344808,0.002,0.0,0.0,0.0104,Sales_Rep,0.31
1265434583,0.2884,0.004,0.0,0.0055,Email,7.45
1770586752,0.6784,0.0,0.2578,0.0138,Email,23.75
1437152196,0.0081,0.0027,0.6606,0.0152,Webinar,17.16
1205838455,0.6048,0.099,0.4039,0.1506,Email,31.46
1316940141,0.0,0.5429,0.0,0.0083,Web,13.78
1942203286,0.6108,1.0,0.8812,0.2703,Web,69.06
1710980339,0.6146,0.9912,0.5346,0.0053,Web,53.64
1376546846,0.7333,0.0686,0.0322,0.0032,Email,20.93
1568465870,0.2696,0.0,0.0,0.0015,Email,6.78
1245233105,0.0926,0.0726,0.0835,0.0108,Email,6.49
1144223314,0.8355,0.8991,0.964,0.0098,Webinar,67.71
1669475653,0.9356,0.9428,0.8973,0.0152,Web,69.77
1891798914,0.0187,0.006,0.5834,0.0101,Webinar,15.46
1386646446,0.2818,0.0561,0.0762,0.0039,Email,10.45
1326041260,0.792,0.9954,0.9315,0.0189,Web,68.44
1669474706,0.5125,0.0261,0.1989,0.0058,Email,18.58
1952303166,0.296,0.9772,0.6172,0.0146,Web,47.62
1184627648,0.0,0.0832,0.2578,0.0148,Webinar,8.9
1316940968,0.6545,0.8145,0.6141,0.0111,Web,52.36
1144222480,0.0,0.0,0.4832,0.0035,Webinar,12.17
1699778787,0.6146,0.0,0.0102,0.015,Email,16.0
1043212293,0.0,0.2767,0.5714,0.0075,Webinar,21.39
1427051614,0.0167,0.006,0.0,0.0108,Email,0.84
1992709257,0.0187,0.0,0.7494,0.0145,Webinar,19.56
1801899570,0.1005,0.0464,0.0,0.0071,Email,3.85
1770586133,0.6487,0.9214,0.876,0.3,Web,68.65
1033112438,0.0581,0.2681,0.8483,0.0015,Webinar,29.4
1124021001,0.1991,0.0027,0.0038,0.0148,Email,5.51
1285637157,0.9027,1.0,0.2411,0.0152,Web,53.97
1598768186,0.012,0.7042,0.4257,0.0081,Web,28.75
1629071196,0.81,0.4472,0.4357,0.0325,Email,43.14
1326040569,0.0,0.0,0.0,0.0221,Sales_Rep,0.55
1316949597,0.598,0.2374,0.1295,0.0097,Email,24.36
1316940661,0.8115,0.9912,0.7758,0.0082,Web,64.67
1871596346,0.4603,0.0,0.093,0.0106,Email,14.1
1245233188,0.417,0.3665,0.1539,0.0098,Email,23.68
1366445561,0.0,0.5217,0.1746,0.0152,Web,17.79
1205839289,0.9035,0.4023,0.5322,0.0106,Email,46.22
1235133513,0.1015,0.069,0.0,0.0195,Email,4.75
1073515128,0.4804,0.0,0.0,0.0015,Email,12.05
1538162235,0.7224,0.004,0.0,0.0128,Email,18.48
1427051960,0.9027,0.9261,0.9481,0.014,Webinar,69.77
1659374007,0.9354,0.9912,0.0,0.0105,Web,48.43
1518960467,0.6146,0.7463,0.3222,0.0015,Web,42.12
1396749669,0.0,0.1126,0.0,0.0219,Web,3.36
1235132606,0.1138,0.3529,0.22,0.0076,Web,17.36
1851393060,0.0,0.0,0.0493,0.006,Webinar,1.38
1740283373,0.0,0.1029,0.5691,0.0091,Webinar,17.03
1205830536,0.4392,0.0073,0.4155,0.0148,Email,21.92
1740282797,0.0041,0.1167,0.0,0.0015,Web,3.06
1881697365,0.6612,0.9939,0.8148,0.0148,Web,62.12
1457354169,0.6982,0.9261,0.7692,0.0108,Web,60.11
1023011517,0.6104,0.9221,0.872,0.0148,Web,60.48
1639172422,0.9159,0.8704,0.8017,0.0032,Email,64.78
1689677437,0.6604,0.933,0.8259,0.0015,Web,60.52
1235132069,0.889,0.9583,0.8838,0.0152,Web,68.66
1639172570,0.8709,0.5147,0.2888,0.0152,Email,42.24
1104829837,0.9399,0.4979,0.8416,0.0148,Email,57.36
1659374833,0.8449,0.366,0.7817,0.0152,Email,50.2
1710980149,0.002,0.0,0.1129,0.0109,Webinar,3.14
1013910066,0.5947,0.6704,0.8052,0.0083,Webinar,51.96
1013910579,0.6521,0.004,0.0,0.0136,Email,16.74
1841293909,0.6337,0.0212,0.7241,0.0106,Webinar,34.74
1932101037,0.8199,1.0,0.593,0.0087,Web,60.54
1780686873,0.6744,0.6311,0.3737,0.0015,Email,42.02
1932102951,0.4167,0.1853,0.0,0.0148,Email,15.42
1669475216,0.6039,0.0,0.0997,0.0145,Email,17.95
1558364562,0.889,0.9663,0.9146,0.0152,Web,69.63
1124020276,0.0,0.0158,0.0,0.0115,Web,0.68
1740283100,0.578,0.0,0.0064,0.0195,Email,15.1
1871596551,0.9667,0.8826,0.5874,0.0115,Email,61.2
1992709893,0.9694,0.388,0.8288,0.0144,Email,55.02
1831192723,0.0,0.0705,0.8817,0.0183,Webinar,24.26
1124020342,0.0041,0.0493,0.0,0.0106,Web,1.6
1255335295,0.4053,0.2506,0.7767,0.0138,Webinar,36.16
1487656443,0.0,0.004,0.1496,0.0148,Webinar,4.21
1831192111,0.5727,1.0,0.8148,0.0102,Web,59.94
1093718017,0.3774,0.1793,0.1166,0.0102,Email,17.09
1699778753,0.9851,0.6704,0.9702,0.0108,Email,65.91
1508869850,0.2919,0.9927,0.9507,0.0152,Web,56.26
1558364448,0.6982,0.6052,0.9787,0.0111,Webinar,57.33
1972505204,0.0,0.7541,0.6666,0.0106,Web,35.78
1356344113,0.3441,0.9576,0.9175,0.0053,Web,55.61
1881697589,0.2259,0.0,0.0967,0.0148,Email,8.43
1649273145,0.0564,0.0,0.0926,0.0095,Webinar,3.96
1114929452,0.0,0.0,0.0,0.0148,Sales_Rep,0.37
1841293636,0.0593,0.0161,0.3427,0.0112,Webinar,10.73
1417950312,0.0,0.6527,0.0,0.0099,Web,16.56
1326041831,0.2209,0.361,0.2943,0.0015,Web,21.94
1407858467,0.0184,0.0,0.5045,0.0152,Webinar,13.45
1639172174,0.3774,0.0,0.0444,0.0015,Email,10.58
1336141407,0.598,0.6962,0.8778,0.0148,Webinar,54.67
1033112172,0.889,0.0605,0.8158,0.0148,Email,44.5
1841293479,0.9187,0.9912,0.6351,0.0011,Web,63.65
1205838554,0.0,0.3013,0.0,0.0011,Web,7.56
1457353799,0.1135,0.0,0.1945,0.0015,Webinar,7.74
1194729186,0.035,0.0193,0.2002,0.2591,Sales_Rep,12.84
1538162128,0.01,0.0353,0.7747,0.0136,Webinar,20.84
1972506178,0.0,0.1213,0.8005,0.0085,Webinar,23.26
1881697415,0.002,0.0,0.2083,0.0005,Webinar,5.27
1265435978,0.1327,0.004,0.085,0.0078,Email,5.74
1831192947,0.9572,0.4543,0.7324,0.001,Email,53.62
1902809577,0.7127,0.954,0.7379,0.0011,Web,60.14
1346243813,0.002,0.0735,0.6055,0.2015,Webinar,22.06
1477556900,0.7632,0.991,0.9055,0.0011,Web,66.52
1851394860,0.0,0.1917,0.0,0.0195,Web,5.28
1942203757,0.627,1.0,0.7322,0.0132,Web,59.31
1356343628,0.5027,0.0,0.0,0.0011,Email,12.6
1568464816,0.788,0.4877,0.9861,0.1537,Webinar,60.39
1972506749,0.002,0.3065,0.0677,0.0101,Web,9.66
1194729467,0.9356,0.8953,0.4612,0.0011,Email,57.33
1639172729,0.8514,0.0,0.2584,0.0148,Email,28.12
1053314468,0.6471,1.0,0.8617,0.025,Web,63.34
1346242302,0.5737,0.3492,0.8611,0.0111,Webinar,44.88
1033111257,0.0,0.1316,0.1806,0.0011,Webinar,7.83
1710980891,0.0061,0.955,0.93,0.0039,Web,47.38
1760486732,0.4319,0.9409,0.7938,0.0282,Web,54.87
1285636365,0.3441,0.4535,0.2289,0.0082,Web,25.87
1811999147,0.627,0.0552,0.0541,0.0063,Email,18.57
1073515391,0.7221,0.9801,0.679,0.0091,Web,59.76
1831192137,0.002,0.0,0.0102,0.0015,Webinar,0.34
1114929478,0.0,0.006,0.0,0.0112,Sales_Rep,0.43
1720080872,0.0,0.0027,0.0,0.0138,Sales_Rep,0.41
1538161609,0.6205,0.5399,0.7698,0.0148,Webinar,48.62
1710980438,0.9389,0.9625,0.8709,0.0093,Web,69.54
1609870674,0.6413,0.9173,0.959,0.0148,Webinar,63.31
1740283456,0.1005,0.6317,0.6096,0.0148,Web,33.92
1427051945,0.5004,0.8078,0.6878,0.0055,Web,50.04
1639172380,0.5863,0.9958,0.8974,0.0108,Web,62.26
1134121338,0.5295,0.873,0.7969,0.0152,Web,55.36
1467455733,0.7179,1.0,0.3183,0.2437,Web,57.0
1760485387,0.0,0.0838,0.0,0.0091,Web,2.32
1538162284,0.0,0.1433,0.0,0.0108,Web,3.85
1225030406,0.889,0.8143,0.9537,0.0032,Webinar,66.51
1962405092,0.0,0.0,0.4086,0.2889,Webinar,17.44
1518960293,0.002,0.7426,0.8003,0.0015,Webinar,38.66
1386647766,0.0,0.6311,0.0064,0.0082,Web,16.14
1366445645,0.0,0.0582,0.2658,0.0098,Webinar,8.34
1760485510,0.0,0.0027,0.0,0.0148,Sales_Rep,0.44
1093719015,0.7689,1.0,0.5274,0.0128,Web,57.73
1508868845,0.0,0.0519,0.0,0.0015,Web,1.34
1013910546,0.7732,0.004,0.0339,0.0195,Email,20.76
1851394134,0.9349,0.9214,0.6314,0.0015,Email,62.23
1740283381,0.2272,0.0832,0.0,0.0148,Email,8.13
1225031024,0.002,0.0983,0.445,0.0101,Webinar,13.88
1225031560,0.9063,0.1274,0.9255,0.0075,Webinar,49.17
1679576383,0.0,0.0161,0.0,0.0,Web,0.4
1326041609,0.2134,0.7178,0.0,0.0132,Web,23.61
1134122955,0.5819,0.0,0.7102,0.0148,Webinar,32.67
1962405480,0.8633,0.9663,0.2121,0.0015,Web,51.08
1710989074,0.889,0.9721,0.5275,0.0005,Web,59.73
1902808223,0.7417,0.991,0.9141,0.0075,Web,66.36
1861495061,0.5436,0.2155,0.0,0.0107,Email,19.24
1851394837,0.002,0.0832,0.0,0.0108,Web,2.4
1689676728,0.0,0.004,0.2112,0.292,Sales_Rep,12.68
1619970522,0.8454,0.0473,0.9677,0.0098,Webinar,46.76
1013910116,0.9694,0.274,0.9626,0.0195,Email,55.64
1861495830,0.002,0.0158,0.7969,0.0005,Webinar,20.38
1447254776,0.0,0.004,0.0,0.0148,Sales_Rep,0.47
1851395123,0.0,0.0,0.0,0.0015,Sales_Rep,0.04
1750385738,0.0,0.0027,0.0231,0.0152,Webinar,1.03
1700889474,0.7807,0.8053,0.8701,0.0158,Webinar,61.8
1013910934,0.2761,0.0027,0.0,0.0153,Email,7.35
1598768574,0.9694,0.9474,0.6456,0.0146,Email,64.43
1467455501,0.1562,0.0077,0.0102,0.0011,Email,4.38
1740283357,0.5175,0.0027,0.7102,0.0005,Webinar,30.77
1619979671,0.0908,0.0,0.0,0.0082,Email,2.48
1962405563,0.8943,0.3353,0.0102,0.0146,Email,31.36
1609879949,0.9332,0.9586,0.8934,0.0107,Web,69.9
1497758924,0.0187,0.0,0.0102,0.0106,Email,0.99
1073516910,0.0,0.5781,0.0,0.0152,Web,14.83
1407859861,0.0,0.2236,0.0,0.0011,Web,5.62
1932102316,0.1304,0.4911,0.87,0.0015,Webinar,37.32
1366445819,0.6337,0.4695,0.9174,0.0076,Webinar,50.7
1669475562,0.8876,0.0949,0.0543,0.0146,Email,26.28
1063415529,0.0,0.2516,0.0,0.0195,Web,6.78
1134122989,0.8049,0.5072,0.9942,0.0115,Webinar,57.94
1992708606,0.2833,0.0709,0.6739,0.0011,Webinar,25.73
1629071899,0.0,0.0,0.3037,0.0137,Webinar,7.94
1063414357,0.1135,0.2059,0.4273,0.0033,Webinar,18.75
1033112859,0.7915,0.1204,0.1037,0.0084,Email,25.6
1811990641,0.6146,0.4941,0.964,0.0098,Webinar,52.06
1194728790,0.1321,0.0623,0.0,0.0055,Email,5.0
1932103298,0.3358,0.0,0.0794,0.0108,Email,10.65
1831192921,0.5942,0.274,0.1758,0.0015,Email,26.14
1790788966,0.889,0.6796,0.0887,0.0148,Email,41.8
1033112743,0.87,0.9772,0.8771,0.0148,Web,68.48
1477556793,0.8089,0.2787,0.2561,0.015,Email,33.97
1639172075,0.5175,0.6855,0.8911,0.0101,Webinar,52.6
1174526065,0.0,0.0266,0.1044,0.0098,Webinar,3.52
1942202189,0.968,0.9261,0.8182,0.0078,Email,68.0
1184627713,0.0,0.0,0.0,0.0106,Sales_Rep,0.26
1639172497,0.0,0.6365,0.0,0.0148,Web,16.28
1891798484,0.5574,0.813,0.9056,0.0108,Webinar,57.17
1497758213,0.002,0.1516,0.445,0.0149,Webinar,15.34
1285637280,0.7819,0.6784,0.9022,0.0111,Webinar,59.34
1528060571,0.9694,0.6047,0.4203,0.0148,Email,50.23
1508869900,0.6744,1.0,0.3764,0.0097,Web,51.51
1194727263,0.002,0.1145,0.0332,0.0091,Web,3.97
1407850399,0.2888,0.706,0.1878,0.0112,Web,29.84
1194728477,0.9187,1.0,0.9625,0.0132,Web,72.36
1942203765,0.5757,0.4711,0.2169,0.0177,Email,32.04
1194727487,0.0,0.0073,0.0,0.0115,Sales_Rep,0.47
1124020482,0.2524,0.5626,0.4877,0.0061,Web,32.72
1093717290,0.002,0.0027,0.446,0.0136,Webinar,11.61
1881697688,0.1845,0.0,0.0,0.0006,Email,4.63
1689677981,0.0051,0.4267,0.0428,0.0144,Web,12.23
1245233311,0.8194,0.8517,0.4703,0.0195,Web,54.02
1104829415,0.1129,0.0,0.0,0.0123,Email,3.13
1497759419,0.4469,0.1153,0.0,0.0006,Email,14.07
1164425617,0.5209,0.4488,0.4223,0.0039,Email,34.9
1316940984,0.0,0.1444,0.3875,0.0075,Webinar,13.48
1700889946,0.9027,0.7474,0.9113,0.0152,Webinar,64.42
1902809841,0.3792,0.242,0.3107,0.0015,Email,23.33
1316940794,0.6493,0.699,0.909,0.0261,Webinar,57.08
1942202247,0.4166,0.0,0.089,0.0015,Email,12.68
1669476644,0.143,0.259,0.0,0.0356,Web,10.94
1174526818,0.8525,0.718,0.6257,0.0088,Email,55.12
1912900796,0.7908,0.9985,0.9763,0.0148,Web,69.51
1174525331,0.0,0.0774,0.0,0.0148,Web,2.31
1639172646,0.0,0.0208,0.7412,0.2249,Webinar,24.67
1447253612,0.9406,0.722,0.2567,0.0111,Email,48.26
1144223504,0.3265,0.0229,0.8621,0.0111,Webinar,30.57
1912909979,0.0,0.0664,0.0064,0.0107,Web,2.09
1801898010,0.8661,0.7746,1.0,0.0148,Webinar,66.39
1750384046,0.9332,1.0,0.6799,0.0011,Web,65.36
1659373991,0.1562,0.142,0.392,0.0063,Webinar,17.41
1457353518,0.7027,0.0,0.1037,0.0011,Email,20.19
1154324531,0.81,0.991,0.7719,0.015,Web,64.7
1265435937,0.5819,0.6825,0.4567,0.0095,Web,43.26
1790788719,0.7074,0.6528,0.8116,0.0148,Webinar,54.67
1518969708,0.6881,0.6081,0.4963,0.0108,Email,45.08
1134122849,0.0,0.0027,0.0,0.0011,Web,0.1
1952304255,0.0,0.439,0.4833,0.0108,Webinar,23.33
1518960897,0.007,0.0,0.0,0.0,Email,0.18
1952305914,0.3469,0.3929,0.0231,0.0055,Web,19.21
1871597146,0.0,0.0735,0.016,0.0148,Web,2.61
1487657474,0.8836,0.7996,0.1616,0.0221,Email,46.67
1376546739,0.0,0.0,0.4267,0.0108,Webinar,10.94
1922000215,0.7687,0.4259,0.6406,0.0155,Email,46.27
1801899323,0.7029,0.6404,0.0,0.0015,Email,33.62
1013910892,0.232,0.3811,0.1096,0.006,Web,18.22
1700889243,0.0,0.0337,0.0,0.0095,Web,1.08
1538162607,0.9046,0.9721,0.8673,0.0065,Web,68.76
1083616031,0.3111,0.0073,0.0,0.0093,Email,8.19
1043213051,1.0,0.991,0.8594,0.0083,Email,71.47
1194728485,0.8984,0.7766,0.959,0.0152,Webinar,66.23
1174525414,0.007,0.0,0.0064,0.0189,Sales_Rep,0.81
1801899299,0.4818,0.0027,0.0,0.0182,Email,12.57
1932101219,0.523,0.0,0.0911,0.0148,Email,15.72
1093718777,0.6493,0.3999,0.0,0.0032,Email,26.31
1083618334,0.0,0.9564,0.3719,0.0032,Web,33.29
1790789782,0.002,0.0735,0.2993,0.0032,Webinar,9.45
1609879543,0.0,0.0,0.4366,0.0183,Webinar,11.37
1174526404,0.0,0.0027,0.2112,0.0111,Webinar,5.62
1427051895,0.0,0.0,0.0,0.0152,Sales_Rep,0.38
1366445678,0.882,0.3125,0.8354,0.0039,Email,50.84
1275536211,0.1773,0.2604,0.0504,0.0055,Web,12.34
1841292802,0.0,0.0,0.1835,0.0106,Webinar,4.85
1487658399,0.5819,0.1089,0.0108,0.0105,Email,17.8
1972506251,0.9572,0.9954,0.9422,0.0215,Web,72.91
1184627028,0.0265,0.1184,0.1998,0.0006,Webinar,8.63
1285638510,0.0,0.0,0.0,0.0005,Sales_Rep,0.01
1972506871,0.2633,0.5018,0.0,0.0111,Web,19.4
1104829431,0.8292,1.0,0.6478,0.0148,Web,62.3
1407859960,0.0,0.0921,0.0,0.0138,Web,2.65
1235133133,0.7856,0.634,0.8295,0.0111,Webinar,56.5
1528060845,0.66,0.3509,0.9776,0.0148,Webinar,50.08
1699778894,0.5819,0.9513,0.6314,0.0015,Web,54.15
1053314336,0.0,0.3816,0.0,0.0148,Web,9.91
1033112008,0.4523,0.0,0.0,0.0107,Email,11.58
1578567533,0.2914,0.1379,0.0,0.0105,Email,11.0
1609879311,0.0081,0.4695,0.6002,0.0111,Webinar,27.22
1629071634,0.491,1.0,0.7927,0.0138,Web,57.44
1528061819,0.035,0.0,0.435,0.0039,Webinar,11.85
1881698850,0.882,0.3816,0.5235,0.0111,Email,44.96
1366446338,0.806,0.0806,0.623,0.006,Email,37.89
1447253034,0.9667,0.213,0.6296,0.0098,Email,45.48
1609870955,0.7303,0.4192,0.8981,0.0006,Webinar,51.2
1871597765,0.0,0.1095,0.0,0.0005,Web,2.75
1396748646,0.0,0.0,0.0,0.0099,Sales_Rep,0.25
1437151701,0.4962,0.2525,0.016,0.0,Email,19.12
1013910876,0.627,0.677,0.9174,0.0011,Webinar,55.56
1215939368,0.0,0.0535,0.0,0.0087,Web,1.56
1225031511,0.0508,0.1483,0.796,0.0015,Webinar,24.92
1033112255,0.0,0.0,0.207,0.0015,Webinar,5.21
1043213044,0.5551,0.943,0.4838,0.0084,Web,49.76
1992707129,0.5109,0.1799,0.2246,0.0106,Email,23.15
1578565776,0.8636,0.8278,0.9407,0.0148,Webinar,66.17
1609879303,0.6278,0.9663,0.4755,0.0063,Web,51.9
1992708077,0.4876,0.5574,0.8325,0.0148,Webinar,47.31
1861495426,0.462,0.5777,0.1288,0.0148,Web,29.58
1518960129,0.01,0.1911,0.0,0.0112,Web,5.31
1588667059,0.8272,0.271,0.9792,0.0015,Webinar,51.97
1679576292,0.0,0.0411,0.0,0.0108,Web,1.3
1114920733,0.002,0.0,0.0596,0.0029,Webinar,1.61
1922002294,0.8859,0.9787,0.8152,0.0004,Web,67.01
1801899109,0.4596,0.4997,0.0064,0.0,Web,24.14
1376546051,0.6938,0.0,0.0,0.0246,Email,17.96
1255334058,0.3448,0.0281,0.0,0.001,Email,9.35
1972506384,0.6,0.8681,0.6478,0.0015,Web,52.94
1205838398,1.0,0.4794,0.9604,0.0011,Email,61.02
1487657334,0.7464,0.0,0.0,0.2464,Email,24.82
1780687251,0.6982,1.0,0.9089,0.0108,Web,65.45
1831193747,0.5665,0.9774,0.4407,0.0108,Web,49.88
1538162847,0.0,0.0,0.1288,0.2442,Sales_Rep,9.32
1821091034,0.0751,0.0073,0.2591,0.0094,Webinar,8.77
1588667331,0.1287,0.0,0.0,0.0111,Email,3.5
1720081458,0.3982,0.2329,0.0255,0.0055,Email,16.55
1033113360,0.4905,0.1495,0.1952,0.2674,Email,27.56
1336141563,0.8519,0.9501,0.4434,0.0065,Web,56.3
1114920535,0.2574,0.1856,0.6002,0.0,Webinar,26.08
1326042656,0.0249,0.1045,0.8073,0.0146,Webinar,23.78
1871596999,0.6402,0.6949,0.8955,0.0148,Webinar,56.14
1235131376,0.194,0.004,0.0,0.0084,Email,5.16
1477556728,0.9851,0.9912,0.7875,0.0095,Web,69.33
1801899885,0.0,0.0282,0.7302,0.0105,Webinar,19.22
1962406959,0.6938,0.7505,0.7692,0.0083,Webinar,55.54
1972506483,0.2818,0.0322,0.5107,0.2464,Webinar,26.78
1780687640,0.0,0.0709,0.0,0.015,Web,2.15
1649273657,0.0,0.0027,0.1834,0.0015,Webinar,4.69
1679575831,0.6745,0.991,0.8288,0.0015,Web,62.4
1942204219,0.0207,0.0,0.5713,0.0124,Webinar,15.11
1437152865,0.0,0.0535,0.0,0.0055,Web,1.48
1356344477,0.0,0.0935,0.1538,0.0148,Webinar,6.55
1386647113,0.5688,0.2237,0.518,0.0015,Email,32.8
1558364281,0.0653,0.1131,0.1769,0.0055,Webinar,9.02
1972506376,0.7417,0.9178,0.8118,0.0148,Web,62.15
1134122013,0.9686,0.416,0.9291,0.006,Email,57.99
1497757702,0.5984,0.0158,0.205,0.0011,Email,20.51
1689677650,0.7643,1.0,0.0428,0.001,Web,45.2
1174526727,0.6518,0.2454,0.1008,0.0138,Email,25.3
1265435291,0.6675,1.0,0.8507,0.2486,Web,69.17
1821090945,0.0,0.0027,0.23,0.0039,Webinar,5.92
1467455246,0.6413,0.9336,0.9604,0.0111,Webinar,63.66
1144223090,0.0,0.2659,0.4386,0.0055,Webinar,17.75
1831192467,0.5317,0.2757,0.9424,0.0015,Webinar,43.78
1316940158,0.8278,1.0,0.9238,0.011,Web,69.06
1053314740,0.8082,0.8554,0.8326,0.0183,Web,62.86
1790787851,0.627,0.9787,0.9725,0.0015,Web,64.49
1508868811,0.4915,0.8773,0.989,0.0111,Webinar,59.22
1245234228,0.87,0.0773,0.605,0.0111,Email,39.08
1386647428,0.627,0.9423,0.7044,0.0108,Web,57.11
1467455840,0.8525,0.8675,0.4366,0.0115,Web,54.2
1548262652,0.3595,0.4816,0.8006,0.0039,Webinar,41.14
1306849690,0.6117,0.7695,0.0468,0.0148,Web,36.07
1073516761,0.7921,1.0,0.9559,0.0055,Web,68.84
1780687715,0.1284,0.0669,0.0,0.0108,Email,5.15
1336142025,0.0041,0.0353,0.355,0.0005,Webinar,9.87
1164425443,0.931,0.0158,0.3781,0.011,Email,33.4
1073516837,0.889,0.7302,0.7975,0.015,Email,60.79
1194728295,0.3325,0.0158,0.3971,0.0148,Webinar,19.01
1861496762,0.0,0.0,0.664,0.0039,Webinar,16.7
1033111232,0.0,0.0535,0.0,0.0098,Web,1.58
1093717209,0.6278,0.5237,0.1947,0.0035,Email,33.74
1316940349,0.0041,0.4231,0.4357,0.0078,Webinar,21.77
1457353781,0.0,0.0935,0.0,0.0076,Web,2.53
1851394183,0.6278,0.0658,0.0,0.0088,Email,17.56
1720081334,0.906,0.9939,0.6734,0.0152,Web,64.71
1265435630,0.002,0.0,0.0,0.0006,Email,0.06
1487657045,0.5757,0.8826,0.964,0.0006,Webinar,60.57
1902809429,0.271,0.9912,0.2132,0.006,Web,37.04
1043213101,0.002,0.0,0.0,0.2013,Sales_Rep,5.08
1689677510,0.7915,0.087,0.0091,0.0097,Email,22.43
1457353419,0.7279,0.7629,0.0967,0.0108,Web,39.96
1265435424,0.035,0.0073,0.0,0.0098,Email,1.3
1811990872,0.0,0.0,0.0476,0.0006,Webinar,1.2
1689677353,0.9324,0.8278,0.6935,0.0062,Email,61.5
1275536401,0.2393,0.0,0.0,0.0082,Email,6.19
1396748422,0.7177,0.22,0.0231,0.0015,Email,24.06
1619970514,0.5062,0.0027,0.0,0.0106,Email,12.99
1497758460,0.3338,0.4465,0.5578,0.0107,Webinar,33.72
1881696144,0.0158,0.0313,0.3849,0.0011,Webinar,10.83
1609879824,0.6669,0.81,0.8869,0.001,Webinar,59.12
1417959578,0.882,0.236,0.5578,0.0059,Email,42.04
1295738128,0.0213,0.0448,0.0,0.2589,Sales_Rep,8.12
1790788693,0.9014,0.1246,0.714,0.2269,Email,49.17
1174526677,0.0041,0.0027,0.0,0.0032,Email,0.25
1518960038,0.9549,0.9801,0.8382,0.0108,Web,69.6
1386647121,0.1005,0.259,0.0,0.0121,Web,9.29
1730182536,0.0,0.0,0.0,0.0152,Sales_Rep,0.38
1538162045,0.002,0.006,0.4377,0.0075,Webinar,11.33
1811990351,0.0908,0.0616,0.0,0.0015,Email,3.85
1477555761,0.488,0.6611,0.0729,0.0032,Web,30.63
1417950668,0.7207,0.4215,0.8712,0.0078,Webinar,50.53
1144223215,0.8517,1.0,0.7692,0.0138,Web,65.87
1255334652,0.002,0.1684,0.6129,0.0083,Webinar,19.79
1831191154,0.8449,1.0,0.3971,0.0158,Web,56.44
1609879170,0.8543,0.2255,0.4243,0.0086,Email,37.82
1912900374,0.7872,0.0726,0.1965,0.0183,Email,26.86
1386647030,0.585,0.0007,0.0,0.0055,Email,14.78
1104829480,0.1406,0.2701,0.4193,0.0081,Webinar,20.95
1053315309,0.0,0.0448,0.0,0.0108,Web,1.39
1053314856,0.6789,0.9211,0.085,0.0015,Web,42.16
1679576755,0.1266,0.0,0.0402,0.0076,Email,4.36
1609879378,0.0073,0.2454,0.0,0.0148,Web,6.69
1306840665,0.2256,0.106,0.0,0.0148,Email,8.66
1003818212,0.0041,0.0,0.0,0.0146,Sales_Rep,0.47
1124021357,0.9027,0.9772,0.8005,0.0015,Web,67.05
1811990286,0.0,0.0073,0.4202,0.0148,Webinar,11.06
1093718959,0.8709,0.7304,0.9398,0.0149,Webinar,63.9
1093718330,0.1473,0.6352,0.9495,0.0148,Webinar,43.67
1104820489,0.7649,0.0709,0.9573,0.0102,Webinar,45.08
1356344972,0.8449,0.3543,0.8778,0.0039,Webinar,52.02
1689678641,0.0,0.3499,0.041,0.0227,Web,10.34
1902800261,0.8174,0.9651,0.4583,0.0148,Web,56.39
1558364075,0.7434,0.9167,0.4357,0.0106,Web,52.66
1538162953,0.7037,0.93,0.7068,0.0111,Web,58.79
1043212152,0.6402,0.9228,0.9398,0.0059,Webinar,62.72
1598768475,0.194,0.928,0.9146,0.0087,Web,51.13
1376545590,0.889,0.9231,0.9339,0.0,Webinar,68.65
1386646610,0.0,0.0027,0.0,0.0148,Sales_Rep,0.44
1669475794,0.5063,0.9954,0.8875,0.0111,Web,60.01
1528062411,1.0,0.5921,0.6312,0.0126,Email,55.9
1184627523,0.4715,0.864,0.723,0.0108,Web,51.73
1043212244,0.0,0.3137,0.0794,0.0112,Web,10.11
1053313213,0.6932,0.3596,0.8739,0.0195,Webinar,48.66
1982607602,0.8069,0.8776,0.7558,0.0195,Web,61.49
1508869462,0.1005,0.0726,0.0,0.0108,Email,4.6
1497758007,0.6826,0.0,0.0,0.01,Email,17.32
1093718793,0.0,0.0077,0.0,0.0195,Sales_Rep,0.68
1518960194,0.0,0.0158,0.3525,0.0106,Webinar,9.47
1881697993,0.3868,0.157,0.0,0.0195,Email,14.08
1952304933,0.9121,0.3554,0.8037,0.0115,Email,52.07
1730183096,0.4852,0.0359,0.2333,0.0108,Email,19.13
1306840376,0.9332,0.4774,0.207,0.0,Email,40.44
1467454793,0.1325,0.9925,0.9095,0.0104,Web,51.12
1649273319,0.8639,0.6241,0.9312,0.0015,Webinar,60.52
1407859192,0.7911,1.0,0.9739,0.0085,Web,69.34
1154323376,0.0,0.0,0.4259,0.0098,Webinar,10.89
1265435382,0.011,0.0373,0.0,0.0055,Web,1.34
1285637702,0.804,0.9387,0.9776,0.0076,Webinar,68.2
1548262504,0.6913,0.9954,0.8112,0.0015,Web,62.48
1649273046,0.007,0.8637,0.835,0.0105,Web,42.9
1003819582,0.8914,0.8955,0.958,0.0189,Webinar,69.1
1871595108,0.0187,0.0473,0.0,0.0108,Web,1.92
1659374411,0.002,0.0027,0.4357,0.0137,Webinar,11.35
1669475711,0.5979,0.0193,0.0,0.0111,Email,15.71
1952304297,0.2163,0.0,0.0038,0.0278,Email,6.2
1629072699,0.488,0.0,0.0,0.0158,Email,12.6
1023011715,0.6571,0.0599,0.0,0.0011,Email,17.95
1619970696,0.7735,0.9958,0.9573,0.0011,Web,68.19
1134122443,0.7307,0.0,0.1539,0.0091,Email,22.34
1134123037,0.0,0.004,0.3643,0.0096,Webinar,9.45
1053314088,0.6889,0.2806,0.0,0.2164,Email,29.65
1083617401,0.6104,0.0,0.0,0.0098,Email,15.51
1023010154,0.035,0.0,0.0,0.0011,Email,0.9
1851395875,0.4034,0.8687,0.9561,0.0195,Webinar,56.19
1770587008,0.0,0.0971,0.0,0.0084,Web,2.64
1669475430,0.9063,0.9801,0.9481,0.0113,Web,71.14
1326041757,0.4239,0.004,0.1965,0.0148,Email,15.98
1811990062,0.7058,0.0473,0.0,0.0189,Email,19.3
1427050608,0.889,0.9256,0.9293,0.0195,Webinar,69.08
1629071766,0.2818,0.3382,0.2832,0.0148,Web,22.95
1063415727,0.0,0.2592,0.0905,0.0152,Web,9.12
1730182155,0.0142,0.0193,0.0659,0.0075,Webinar,2.67
1477556843,0.3441,0.0,0.1864,0.0011,Email,13.29
1023011210,0.5665,0.2009,0.0,0.0158,Email,19.58
1477556165,0.0,0.0,0.9033,0.0105,Webinar,22.84
1992707152,0.8276,0.0073,0.0,0.0148,Email,21.24
1972506772,0.9572,0.9685,0.5403,0.0152,Web,62.03
1053314963,0.2303,0.9214,0.8981,0.0219,Web,51.79
1235132853,0.0219,0.0,0.0,0.0148,Email,0.92
1073516613,0.4813,0.3258,0.0,0.0075,Email,20.36
1255334900,0.6337,0.2118,0.8527,0.0111,Webinar,42.73
1588668552,0.5881,0.0,0.4049,0.0068,Email,24.99
1730181900,0.584,0.9859,0.3144,0.0148,Web,47.48
1760485734,0.0,0.0535,0.108,0.0148,Webinar,4.41
1821091570,0.8282,0.259,0.4257,0.0085,Email,38.04
1104829423,0.8452,0.7018,0.3874,0.0101,Email,48.61
1326041393,0.6213,0.0,0.0102,0.0112,Email,16.07
1639172794,0.863,1.0,0.446,0.0062,Web,57.88
1639172364,0.5213,0.0,0.0,0.0011,Email,13.06
1649272808,0.598,0.2956,0.4867,0.012,Email,34.81
1184627358,0.002,0.3517,0.6789,0.0079,Webinar,26.01
1245233378,0.9547,0.7018,0.8461,0.0104,Email,62.82
1295738615,0.0061,0.004,0.0,0.0106,Sales_Rep,0.52
1467455782,0.576,0.991,0.8651,0.0085,Web,61.02
1043213770,0.007,0.0027,0.0,0.0098,Sales_Rep,0.49
1861496838,0.2207,0.2454,0.7196,0.0112,Webinar,29.92
1316949621,0.8859,0.5029,0.9547,0.0111,Webinar,58.86
1700889235,0.9027,1.0,0.7141,0.0108,Web,65.69
1851394191,0.9847,0.6934,0.918,0.0128,Email,65.22
1083617351,0.0143,0.5439,0.0,0.0189,Web,14.43
1184627143,0.6873,0.4215,0.1442,0.0112,Email,31.61
1427051077,0.179,0.1321,0.2129,0.0148,Webinar,13.47
1780687962,0.1125,0.0077,0.4755,0.0015,Webinar,14.93
1184627465,0.5503,0.0,0.5819,0.0098,Webinar,28.55
1346243961,0.5634,0.5872,0.0,0.0179,Web,29.21
1033112479,0.0,0.004,0.0,0.0146,Sales_Rep,0.46
1275535320,0.8098,0.991,0.8824,0.006,Web,67.23
1851394985,0.0,0.0311,0.0,0.0005,Web,0.79
1083617682,0.0,0.0,0.0,0.0108,Sales_Rep,0.27
1073516167,0.889,1.0,0.9045,0.549,Web,83.56
1245232560,0.6171,0.6031,0.7692,0.0195,Webinar,50.22
1669475323,0.598,0.6398,0.8944,0.2098,Webinar,58.55
1316940992,0.3279,0.0586,0.0,0.0128,Email,9.98
1093717241,0.002,0.0,0.0,0.0148,Sales_Rep,0.42
1649273277,0.002,0.087,0.4377,0.0195,Webinar,13.65
1487657979,0.7586,0.9927,0.6909,0.0242,Web,61.66
1851393953,0.4553,0.0,0.0,0.0011,Email,11.41
1306848577,0.8972,1.0,0.6664,0.0,Web,64.09
1982607164,0.0,0.0,0.0692,0.0106,Webinar,2.0
1124021118,0.0233,0.1344,0.016,0.0148,Web,4.71
1396748182,0.002,0.0197,0.0038,0.0086,Web,0.85
1215939467,0.774,0.9912,0.4986,0.001,Web,56.62
1578566733,0.7669,0.9954,0.9361,0.2701,Web,74.21
1679576870,0.0073,0.1791,0.0,0.0152,Web,5.04
1184627259,0.0041,0.0799,0.0,0.0015,Web,2.14
1275535437,0.9356,0.9277,0.9278,0.0078,Email,69.97
1972506863,0.9129,0.4472,0.8288,0.0091,Email,54.95
1932102431,0.3199,0.0027,0.0,0.0086,Email,8.28
1760485148,0.81,0.9211,0.9069,0.0039,Web,66.05
1891798666,0.0265,0.0,0.0,0.0128,Email,0.98
1457355729,0.1444,0.0473,0.1835,0.0015,Webinar,9.42
1215930185,0.0,0.3912,0.0,0.0108,Web,10.05
1225031669,0.4302,0.3889,0.6917,0.0055,Webinar,37.91
1790788172,0.1433,0.1754,0.0,0.0261,Web,8.62
1538163506,0.0,0.6165,0.0,0.0111,Web,15.69
1235132697,0.5391,0.0,0.8652,0.0011,Webinar,35.14
1609879238,0.889,0.7477,0.7559,0.0053,Email,59.95
1952305849,0.0,0.0124,0.9604,0.0039,Webinar,24.42
1972506822,0.7171,1.0,0.7412,0.0102,Web,61.71
1861495525,0.6149,0.1183,0.0,0.006,Email,18.48
1548263908,0.8249,1.0,0.8527,0.2102,Web,72.19
1497758734,0.002,0.0605,0.3413,0.0039,Webinar,10.19
1154324093,0.0274,0.0838,0.0,0.0134,Web,3.12
1245232404,0.6685,0.9685,0.8812,0.0136,Web,63.3
1912900010,0.0,0.124,0.0,0.0148,Web,3.47
1023011467,0.7934,0.1836,0.5145,0.0144,Email,37.65
1770586307,0.7221,0.9954,0.9388,0.0039,Web,66.5
1447253927,0.035,0.0431,0.0,0.0059,Web,2.1
1245232495,0.774,0.3217,0.6734,0.0108,Email,44.5
1710980719,0.6146,0.8349,0.4257,0.0011,Web,46.91
1942204961,0.8527,0.0,0.2374,0.0148,Email,27.62
1992707004,0.2051,0.1436,0.0038,0.0076,Email,9.0
1033112750,0.0,0.0,0.0266,0.0011,Webinar,0.69
1841293677,0.002,0.329,0.157,0.0006,Web,12.22
1235132804,0.8797,0.5687,0.8513,0.0011,Email,57.52
1265436539,0.4967,0.3795,0.8805,0.0,Webinar,43.92
1932103215,0.9129,0.2062,0.8295,0.0015,Email,48.75
1386647329,0.6703,0.4073,0.096,0.0108,Email,29.61
1245233451,0.6402,0.7553,0.7728,0.0055,Webinar,54.34
1053313130,0.3914,0.004,0.5787,0.0011,Webinar,24.38
1992708002,0.0,0.5689,0.0699,0.0076,Web,16.16
1861495194,0.6108,0.9065,0.9174,0.0132,Webinar,61.2
1710980230,0.0,0.1332,0.1693,0.0005,Webinar,7.58
1992708812,0.271,0.4176,0.2493,0.0148,Web,23.82
1912900804,0.1944,0.0,0.1715,0.0146,Email,9.51
1477556314,0.7998,0.7735,0.8734,0.0152,Webinar,61.55
1508869793,0.5538,0.0105,0.5617,0.0097,Webinar,28.39
1184628430,0.1558,0.0027,0.1204,0.0128,Email,7.29
1013919174,0.598,0.0,0.0,0.0039,Email,15.05
1548263940,0.6938,0.004,0.0835,0.0262,Email,20.19
1013910249,0.7221,0.4909,0.3496,0.0085,Email,39.28
1841293776,0.0769,0.0726,0.4293,0.0098,Webinar,14.72
1801898036,0.0,0.0027,0.0102,0.0118,Sales_Rep,0.62
1861495103,0.0,0.2681,0.1038,0.0152,Web,9.68
1588667307,0.1204,0.0,0.3355,0.0108,Webinar,11.67
1366445512,0.7265,0.9598,0.8718,0.0108,Web,64.22
1023012911,0.0,0.2792,0.4293,0.0005,Webinar,17.72
1275536658,0.7612,0.7964,0.5531,0.0106,Web,53.03
1740283464,0.8449,1.0,0.5215,0.0152,Web,59.54
1588667521,0.0041,0.0233,0.6781,0.0015,Webinar,17.68
1295738417,0.5137,0.0027,0.0466,0.0077,Email,14.27
1487657037,0.6146,0.2396,0.7624,0.0039,Webinar,40.51
1952304362,0.0265,0.0,0.9003,0.0152,Webinar,23.55
1033112057,0.0,0.0073,0.0,0.0148,Sales_Rep,0.55
1740282912,0.0,0.0658,0.3735,0.0084,Webinar,11.19
1780686006,0.4506,0.3614,0.1406,0.0106,Email,24.08
1245233543,0.5503,0.0982,0.0,0.2426,Email,22.28
1063415438,0.1175,1.0,0.4414,0.0108,Web,39.24
1093718991,0.0,0.6704,0.0,0.0015,Web,16.8
1003819459,0.25,0.004,0.2584,0.0115,Webinar,13.1
1538162177,0.0041,0.0,0.0,0.0108,Sales_Rep,0.37
1386647055,0.2923,0.9399,0.7191,0.0039,Web,48.88
1235132416,0.0049,0.006,0.3529,0.0106,Webinar,9.36
1093718280,0.002,0.0,0.0,0.0005,Email,0.06
1932102019,0.7172,0.9973,0.6905,0.0018,Web,60.17
1265436596,0.0,0.0,0.2753,0.0075,Webinar,7.07
1265435218,0.8459,0.9912,0.9636,0.0087,Web,70.24
1568465755,0.0,0.2312,0.1934,0.0096,Web,10.85
1326040544,0.1005,0.0158,0.7243,0.2889,Webinar,28.24
1295737435,0.782,0.8927,0.902,0.193,Webinar,69.24
1760485312,0.0,0.0909,0.0,0.0055,Web,2.41
1255334264,0.466,0.0,0.3629,0.006,Email,20.87
1558365809,0.598,0.0423,0.0,0.0018,Email,16.05
1659374924,0.4967,0.9685,0.0,0.0189,Web,37.1
1073517322,0.5175,0.184,0.8658,0.0152,Webinar,39.56
1164425575,0.491,0.7233,0.8005,0.0006,Webinar,50.39
1053314591,0.0,0.8696,0.093,0.0059,Web,24.21
1225031586,0.9356,0.7766,0.8727,0.0032,Email,64.7
1548262744,0.007,0.1234,0.706,0.0085,Webinar,21.12
1871597112,0.0,0.1844,0.5797,0.0011,Webinar,19.13
1265435135,0.5175,0.0,0.0414,0.0148,Email,14.34
1508868647,0.5558,0.0027,0.5819,0.0039,Webinar,28.61
1912900028,0.1298,0.706,0.0204,0.0078,Web,21.6
1710980842,0.5175,0.0291,0.0,0.0098,Email,13.91
1477556538,0.1562,0.0158,0.4867,0.0011,Webinar,16.5
1992708457,0.0908,0.439,0.0,0.0075,Web,13.43
1487657714,0.0,0.1105,0.0,0.0149,Web,3.14
1548263809,0.0,0.0,0.1358,0.0015,Webinar,3.43
1871596395,0.0,0.0,0.0,0.0148,Sales_Rep,0.37
1134121247,0.9151,0.8001,0.9478,0.0006,Webinar,66.59
1699777839,0.0,0.0693,0.0594,0.0183,Web,3.68
1922001858,0.5919,0.0832,0.9231,0.0108,Webinar,40.22
1497758692,0.588,0.4018,0.8309,0.0108,Webinar,45.79
1780687368,0.0,0.2523,0.7063,0.0111,Webinar,24.24
1831192533,0.8519,1.0,0.7927,0.0015,Web,66.15
1851394365,0.3802,0.4099,0.0536,0.0152,Web,21.47
1295737492,0.0,0.006,0.0,0.0126,Sales_Rep,0.46
1386647733,0.8463,0.5445,0.9966,0.0152,Webinar,60.07
1861496119,0.6656,0.9576,0.3077,0.006,Web,48.42
1154324044,0.1434,0.004,0.0,0.0015,Email,3.72
1710980826,0.7499,0.1504,0.1411,0.0015,Email,26.07
1326042664,0.5688,0.4644,0.6471,0.0138,Webinar,42.35
1598768251,0.0,0.0161,0.6734,0.0061,Webinar,17.39
1528061504,0.0041,0.6705,0.5719,0.0152,Web,31.54
1710980180,0.9641,0.9167,0.8325,0.0098,Email,68.08
1487656708,0.002,0.8281,0.2595,0.0145,Web,27.6
1104829084,0.2393,0.0,0.0,0.0111,Email,6.26
1801899307,0.49,0.9912,0.6257,0.0039,Web,52.77
1902809114,0.6806,0.5774,0.7692,0.0006,Webinar,50.7
1477557700,0.1005,0.0161,0.0,0.0032,Email,3.0
1730182395,0.8272,0.0806,0.9364,0.0038,Webinar,46.2
1447252499,0.9663,0.8776,0.9146,0.0391,Email,69.94
1376546168,0.3488,0.9586,0.9604,0.0108,Webinar,56.96
1205839339,0.8355,0.9787,0.2578,0.0102,Web,52.06
1255334488,0.0145,0.6227,0.4357,0.0148,Web,27.19
1235132622,0.0807,0.0158,0.0,0.0106,Email,2.68
1538162649,0.5506,0.2767,0.0,0.0115,Email,20.97
1477556991,0.9644,0.2956,0.0241,0.0055,Email,32.24
1811990112,0.7221,0.1018,0.284,0.0189,Email,28.17
1992708903,0.0,0.0,0.0102,0.0111,Sales_Rep,0.53
1154324473,0.002,0.0027,0.1365,0.0052,Webinar,3.66
1649272956,0.0,0.5662,0.7005,0.0148,Webinar,32.04
1659373892,0.6039,0.8662,0.0102,0.0035,Web,37.1
1114920832,0.452,0.8601,0.3267,0.0111,Web,41.25
1346243144,0.7416,0.8154,0.9495,0.0108,Webinar,62.93
1790788503,0.2285,0.0663,0.0231,0.0075,Email,8.14
1629071337,0.0,0.4649,0.5387,0.0039,Webinar,25.19
1811990393,0.0,0.0239,0.0,0.0106,Web,0.86
1962406215,0.1396,0.0447,0.0,0.0182,Email,5.06
1538161732,0.9599,1.0,0.5713,0.0076,Web,63.47
1972506855,0.4261,0.0027,0.0102,0.0221,Email,11.53
1992708788,0.7221,0.831,0.8771,0.001,Webinar,60.78
1659373975,0.9851,1.0,0.8539,0.0011,Web,71.0
1770586224,0.0,0.0,0.4898,0.0145,Webinar,12.61
1265435408,0.7711,0.7463,0.959,0.0108,Webinar,62.18
1073517975,0.882,0.4891,0.9702,0.0,Webinar,58.53
1376545665,0.1515,0.5396,0.2584,0.0105,Web,24.0
1720081276,0.1138,0.0027,0.0,0.0108,Email,3.18
1881697548,0.0,0.6855,0.1617,0.0152,Web,21.56
1598768921,0.0,0.0,0.0271,0.0058,Webinar,0.82
1417950007,0.6964,0.0,0.0,0.2232,Email,22.99
1790788149,0.87,0.7233,0.2493,0.0108,Email,46.34
1992707285,0.5503,0.9415,0.9007,0.0088,Web,60.03
1235132762,0.007,0.0,0.5175,0.0006,Webinar,13.13
1558363770,0.2272,0.2067,0.0,0.0044,Email,10.96
1417950957,0.5665,0.0,0.0082,0.006,Email,14.52
1811990666,0.1702,0.0,0.0,0.0148,Email,4.62
1497758148,0.1005,0.2945,0.0831,0.0138,Web,12.3
1699778043,0.5429,0.0158,0.0,0.035,Email,14.84
1871596965,0.3783,0.9985,0.4521,0.7354,Web,64.11
1790788727,0.0,0.2506,0.0064,0.0213,Web,6.96
1144223603,0.6219,1.0,0.7927,0.0152,Web,60.74
1578566121,0.9572,0.9912,0.9389,0.0187,Web,72.65
1366445041,0.0,0.0,0.0,0.0,Email,0.0
1801899174,0.002,0.0161,0.1828,0.0185,Webinar,5.48
1922001619,0.5669,0.3332,0.0,0.0011,Email,22.53
1083616304,0.3523,0.9649,0.5421,0.0011,Web,46.51
1043214943,0.1171,0.4531,0.0,0.0015,Web,14.29
1063415321,0.0,0.0799,0.4223,0.0115,Webinar,12.84
1265435986,0.0,0.9051,0.0102,0.0078,Web,23.08
1720081227,0.4672,0.0,0.0847,0.0115,Email,14.08
1396748281,0.9324,0.9927,0.5202,0.0075,Web,61.32
1255334025,0.5526,0.9823,0.9495,0.0152,Web,62.49
1457354813,0.0,0.3092,0.5274,0.0015,Webinar,20.95
1073516928,0.6982,0.8894,0.8877,0.0101,Web,62.14
1750385092,0.0,0.0708,0.0,0.0011,Web,1.8
1114929247,0.002,0.268,0.0,0.0015,Web,6.79
1568464600,0.3153,0.6775,0.6311,0.0012,Web,40.63
1750384681,0.6337,0.8561,0.2202,0.0152,Web,43.13
1518969799,0.5175,0.9586,0.9738,0.0195,Webinar,61.73
1114920808,0.6545,0.9126,0.9451,0.0011,Webinar,62.83
1548263239,0.889,0.0,0.6041,0.0108,Email,37.6
1316940182,0.7221,0.7735,0.6102,0.0006,Web,52.66
1811990583,0.0,0.0,0.0,0.0128,Sales_Rep,0.32
1629071022,0.0,0.4516,0.1992,0.0109,Web,16.54
1134122666,0.1661,0.0,0.0,0.0121,Email,4.46
1356344899,0.0,0.0,0.1832,0.0079,Webinar,4.78
1285637876,0.0,0.0761,0.0,0.0095,Web,2.14
1225031503,0.0,0.0161,0.0,0.0152,Web,0.78
1841293990,0.0908,0.6233,0.374,0.0011,Web,27.23
1326041054,0.0,0.0,0.3646,0.0081,Webinar,9.32
1508869934,0.0,0.0712,0.2129,0.0098,Webinar,7.35
1881696011,0.889,0.0208,0.6862,0.0108,Email,40.17
1114920055,0.002,0.0442,0.207,0.0183,Webinar,6.79
1235132226,0.3014,0.481,0.9966,0.0152,Webinar,44.86
1801899018,0.9851,0.8124,0.9255,0.0108,Email,68.34
1215930649,0.0,0.0473,0.1513,0.0195,Webinar,5.45
1427050673,0.1321,0.0415,0.0102,0.0148,Email,4.97
1568466829,0.0196,0.5583,0.8501,0.0004,Webinar,35.71
1124021027,0.4068,0.0,0.0,0.2276,Email,15.86
1164425476,0.0,0.7578,0.793,0.0102,Webinar,39.03
1740284090,0.0189,0.0261,0.3521,0.0086,Webinar,10.14
1235133570,0.0061,0.2592,0.3839,0.0084,Webinar,16.44
1154324143,0.1406,0.5182,0.0204,0.0011,Web,17.01
1144224478,0.6205,0.9954,0.6733,0.0085,Web,57.44
1194728022,0.6806,0.6612,0.1872,0.0148,Email,38.6
1326041278,0.7511,0.24,0.4571,0.0111,Email,36.48
1447253406,0.8403,0.9958,0.798,0.0006,Web,65.87
1053313015,0.8373,1.0,0.4708,0.0068,Web,57.87
1306849211,0.7037,0.6169,0.9677,0.0111,Webinar,57.48
1427051135,0.1313,0.0896,0.0,0.0,Email,5.52
1720081383,0.002,0.0027,0.2411,0.0146,Webinar,6.51
1104829563,0.4562,0.0158,0.0,0.0189,Email,12.27
1962404004,0.6402,0.0027,0.0,0.0086,Email,16.29
1912909268,0.7908,0.0158,0.0,0.0006,Email,20.18
1366444556,0.0,0.0073,0.0732,0.0015,Webinar,2.05
1215931100,0.7333,0.4882,0.8073,0.0107,Webinar,50.99
1598767808,0.5175,0.0193,0.158,0.001,Email,17.4
1497758577,0.3521,0.0239,0.1309,0.0152,Email,13.05
1417950304,0.0,0.1398,0.0264,0.0148,Web,4.53
1972506921,0.0081,0.0027,0.1166,0.0108,Webinar,3.45
1336142520,0.9129,0.8067,0.8812,0.0112,Email,65.3
1750384129,0.7828,0.9985,0.8903,0.0011,Web,66.82
1013919232,0.0,0.0158,0.0,0.001,Web,0.42
1396748174,0.0183,0.0447,0.8398,0.0148,Webinar,22.94
1942203260,0.9572,1.0,0.6129,0.0015,Web,64.29
1841293602,0.0,0.0,0.0,0.0138,Sales_Rep,0.34
1417950262,0.2277,0.9244,0.7728,0.0091,Web,48.35
1447252564,0.0041,0.0369,0.1778,0.008,Webinar,5.67
1104829050,0.0,0.0204,0.0064,0.0006,Web,0.68
1518969880,0.1051,0.004,0.236,0.0152,Webinar,9.01
1952303067,0.7127,1.0,0.6909,0.0039,Web,60.19
1326041856,0.9694,0.4641,0.9315,0.0086,Email,59.34
1699779959,0.9667,0.9634,0.7634,0.0108,Email,67.61
1821092735,0.9843,0.9927,0.9352,0.0076,Web,73.0
1558364364,0.8746,0.9214,0.768,0.0086,Web,64.32
1003819079,0.1019,0.0,0.0,0.0085,Email,2.76
1215939400,1.0,0.9912,0.9339,0.0104,Email,73.39
1194727438,0.8173,1.0,0.7833,0.0106,Web,65.28
1003819350,0.6302,0.749,0.9434,0.0148,Webinar,58.44
1578566436,0.4967,0.0,0.4223,0.0015,Email,23.01
1205839388,0.5503,0.9489,0.8325,0.1962,Web,63.2
1023010089,0.7179,0.9912,0.4287,0.001,Web,53.47
1790788453,0.0265,0.2291,0.0,0.0128,Web,6.71
1235132127,0.5156,0.898,0.8416,0.0085,Web,56.59
1598768517,0.0,0.1964,0.0905,0.0108,Web,7.44
1457353740,0.1412,0.2371,0.0,0.0148,Web,9.83
1134121270,0.0187,0.0,0.0,0.0015,Email,0.51
1376546770,0.8639,0.7505,0.4357,0.0099,Email,51.5
1841293487,0.8222,0.4372,0.4021,0.0146,Email,41.9
1396748695,0.3778,0.5971,0.5717,0.0111,Web,38.94
1144223868,0.9379,0.3322,0.7997,0.0111,Email,52.02
1508869876,0.9642,0.9576,0.5073,0.0055,Email,60.86
1811991144,0.627,0.3004,0.7914,0.0011,Webinar,43.0
1568465193,1.0,0.9774,0.5545,0.0015,Email,63.34
1821091760,0.0061,0.0,0.7482,0.0032,Webinar,18.94
1932102753,0.0,0.2123,0.0,0.0111,Web,5.58
1598768020,0.9663,0.9499,0.7324,0.0128,Email,66.54
1356344238,0.744,1.0,0.8325,0.0111,Web,64.69
1134122153,0.1298,0.004,0.0311,0.0246,Email,4.74
1861496770,0.0265,0.0431,0.0,0.006,Web,1.89
1780686097,0.0265,0.1809,0.405,0.0152,Webinar,15.69
1750384806,0.5002,0.2329,0.4499,0.0006,Email,29.59
1689677239,0.3059,0.9912,0.5132,0.2354,Web,51.14
1982607529,0.2582,0.0073,0.7641,0.0011,Webinar,25.77
1528061249,0.0,0.7304,0.0547,0.0152,Web,20.01
1235132952,0.002,0.1204,0.4917,0.0111,Webinar,15.63
1821091356,0.0,0.2815,0.0102,0.0148,Web,7.66
1730182890,0.9549,0.9807,0.445,0.0,Web,59.51
1154324028,0.5063,0.2159,0.0875,0.0111,Email,20.52
1528061488,0.0,0.0,0.3737,0.0111,Webinar,9.62
1851394639,0.0,0.0,0.3954,0.0106,Webinar,10.15
1053314922,0.0,0.5299,0.0,0.0051,Web,13.38
1306848536,0.2925,0.642,0.7412,0.2889,Webinar,49.11
1174526669,0.0423,0.2182,0.0,0.0062,Web,6.67
1225030547,0.6146,0.9184,0.8417,0.001,Web,59.39
1154324655,0.6363,0.9939,0.7829,0.0165,Web,60.74
1295738748,0.6074,0.5644,0.6653,0.0132,Webinar,46.26
1467456749,0.0908,0.0,0.0,0.0101,Email,2.52
1366445926,0.6082,0.4686,0.8501,0.0128,Webinar,48.49
1396748844,0.1333,0.1123,0.0,0.0148,Email,6.51
1750384442,0.0265,0.0535,0.0,0.0287,Web,2.72
1881697985,0.5854,0.9801,0.4357,0.0148,Web,50.4
1326042227,0.0265,0.1191,0.2414,0.0084,Webinar,9.89
1023012002,0.0908,0.0,0.0,0.0015,Email,2.31
1043213200,0.1401,0.0835,0.3077,0.0152,Webinar,13.66
1740283019,0.0,0.0,0.128,0.0,Webinar,3.2
1790788990,0.8247,0.9958,0.8097,0.2013,Web,70.79
1528061884,0.002,0.006,0.211,0.0011,Webinar,5.5
1760485114,0.627,0.0,0.2033,0.0111,Email,21.04
1437151578,0.8643,1.0,0.6902,0.0015,Web,63.9
1609878651,0.1019,0.0,0.1043,0.0015,Webinar,5.19
1780687988,0.4365,0.2454,0.0,0.0036,Email,17.14
1619970589,0.002,0.1444,0.435,0.0015,Webinar,14.57
1588667703,0.1143,0.0,0.0146,0.0075,Email,3.41
1104829803,0.3066,0.0,0.0627,0.0134,Email,9.57
1477556587,0.6703,0.7461,0.8532,0.0039,Webinar,56.84
1225030489,0.002,0.0402,0.0,0.0006,Web,1.07
1750385647,0.3988,0.2973,0.0572,0.01,Email,19.08
1053314906,0.1712,0.0073,0.0794,0.0112,Email,6.73
1265435267,0.0265,0.0193,0.0,0.0106,Email,1.41
1316940752,0.0,0.1727,0.6862,0.0215,Webinar,22.01
1417959693,0.7368,0.1998,0.0,0.0006,Email,23.43
1851394498,0.6929,1.0,0.4377,0.0189,Web,53.74
1477556405,0.3324,0.0418,0.2424,0.0082,Email,15.62
1841294758,0.0,0.1336,0.5146,0.0086,Webinar,16.42
1003819707,0.8089,0.9273,0.8601,0.0195,Web,65.4
1063415404,0.5619,0.9576,0.9688,0.0155,Webinar,62.59
1295738433,0.4211,0.0756,0.2837,0.0111,Email,19.79
1386647345,0.5023,0.9685,0.7661,0.0087,Web,56.14
1659374635,0.0,0.0,0.0,0.018,Sales_Rep,0.45
1649273129,0.455,0.0,0.1306,0.0148,Email,15.01
1841292927,0.319,0.006,0.0064,0.0148,Email,8.65
1457354276,0.02,0.0,0.0,0.0015,Email,0.54
1447252721,0.0,0.274,0.0064,0.0098,Web,7.26
1356345326,0.8706,0.6676,0.8623,0.0294,Email,60.75
1245233444,0.9129,0.6217,0.4906,0.0004,Email,50.64
1205839271,0.5503,0.8941,0.4828,0.0,Web,48.18
1467455089,0.9157,0.7466,0.9492,0.0148,Webinar,65.66
1568465656,0.2818,0.0353,0.0,0.0108,Email,8.2
1619970555,0.5503,0.9772,0.7773,0.0104,Web,57.88
1619970035,0.3594,0.9912,0.4357,0.0148,Web,45.03
1356344576,0.6108,0.0077,0.0,0.0148,Email,15.83
1336142504,0.3639,0.0188,0.612,0.0006,Webinar,24.88
1104829829,0.4302,1.0,0.2509,0.0114,Web,42.31
1649273467,0.002,0.0632,0.0,0.0055,Web,1.77
1215931563,0.882,0.9912,0.9493,0.0011,Web,70.59
1295738854,0.7416,0.991,0.4271,0.0098,Web,54.24
1639171747,0.828,0.717,0.8158,0.0,Email,59.02
1205838380,0.6345,0.6775,0.4489,0.0152,Web,44.4
1417959669,0.882,0.209,0.0,0.0169,Email,27.7
1508869389,0.4672,1.0,0.9147,0.0011,Web,59.58
1508869298,0.9423,0.8121,0.9609,0.0062,Webinar,68.04
1801899877,0.0041,0.0,0.0,0.0148,Sales_Rep,0.47
1780687848,0.0,0.4981,0.2901,0.0152,Web,20.08
1124021548,0.1702,0.0,0.0,0.0,Email,4.26
1255333480,0.4672,0.9912,0.8194,0.0149,Web,57.32
1730183013,0.0,0.9435,0.0,0.0098,Web,23.83
1518960079,0.8632,0.8521,0.6351,0.0111,Email,59.04
1538162425,0.1875,1.0,0.9119,0.0098,Web,52.73
1376546861,0.3001,0.7494,0.9037,0.0111,Webinar,49.11
1881697027,0.299,0.0073,0.0,0.0063,Email,7.82
1841293461,0.0,0.0651,0.7044,0.0104,Webinar,19.5
1740283266,0.5754,0.8809,0.7501,0.0148,Web,55.53
1285636423,0.002,0.1371,0.4386,0.0027,Webinar,14.51
1851394175,0.5727,0.0,0.0,0.0148,Email,14.69
1114920840,0.011,0.1174,0.2677,0.0195,Webinar,10.39
1730182106,0.0,0.7755,0.081,0.672,Web,38.21
1609878909,0.763,0.0,0.0,0.0107,Email,19.34
1881697712,0.7731,1.0,0.8447,0.0006,Web,65.46
1720081284,0.0,0.0027,0.4481,0.0085,Webinar,11.48
1922001130,0.0,0.5599,0.0,0.0087,Web,14.22
1215930466,0.3903,0.142,0.4287,0.0087,Webinar,24.24
1346242393,0.158,0.0,0.0,0.0015,Email,3.99
1144223843,0.7416,1.0,0.798,0.0175,Web,63.93
1912900176,0.0,0.0,0.335,0.0006,Webinar,8.39
1942203666,0.9671,0.8254,0.9546,0.0076,Email,68.87
1376545491,0.0,0.0073,0.0,0.0109,Sales_Rep,0.46
1609878818,0.5118,0.4117,0.7044,0.0088,Webinar,40.92
1629071261,0.5946,0.8445,0.7468,0.2361,Web,60.55
1386648343,0.8105,0.464,0.9828,0.0089,Webinar,56.66
1619970209,0.0508,0.0193,0.1309,0.0238,Webinar,5.62
1902809304,0.9009,0.7479,0.9218,0.0075,Webinar,64.45
1376546127,0.6656,1.0,0.7728,0.0152,Web,61.34
1952303240,0.6847,0.0,0.0,0.0102,Email,17.37
1568465714,0.835,0.2729,0.8325,0.001,Email,48.54
1528061330,0.2959,0.8236,0.7556,0.0086,Web,47.09
1114921194,0.0141,0.5599,0.1823,0.0195,Web,19.4
1962404046,0.8471,0.6866,0.2112,0.0148,Email,43.99
1134122385,0.0,0.1953,0.0,0.0059,Web,5.03
1871596296,0.0,0.0239,0.0,0.0011,Web,0.62
1649272923,0.4332,0.6855,0.9084,0.0146,Webinar,51.04
1164425427,0.6179,0.9627,0.1616,0.0115,Web,43.84
1578565628,0.0,0.0535,0.0064,0.0108,Web,1.77
1396747424,0.6484,0.9958,0.4257,0.0101,Web,52.0
1275536138,0.5382,0.1618,0.0,0.0112,Email,17.78
1255334405,0.8276,0.0158,0.3472,0.0148,Email,30.14
1760485056,0.0,0.1436,0.0,0.0015,Web,3.63
1316941644,0.8636,0.9927,0.9755,0.0148,Web,71.17
1538163423,0.0,0.0077,0.0,0.0015,Web,0.23
1770586232,0.0041,0.0993,0.0,0.0138,Web,2.93
1952304586,0.2072,0.5685,0.8497,0.0183,Webinar,41.09
1780687780,0.7202,0.6882,0.9573,0.0227,Webinar,59.71
1518960186,0.7794,0.9021,0.1088,0.0015,Web,44.8
1720081946,0.0,0.0,0.4395,0.0146,Webinar,11.35
1932102993,0.0,0.004,0.0,0.0106,Sales_Rep,0.36
1932103827,0.9722,0.9859,0.8894,0.0148,Web,71.56
1689677049,0.3719,0.1029,0.0,0.0152,Email,12.25
1275535585,0.6982,0.8365,1.0,0.0042,Webinar,63.47
1487657276,0.0751,0.1233,0.0064,0.0143,Web,5.48
1770586505,0.0,0.0,0.6312,0.0195,Webinar,16.27
1154325132,0.882,0.7355,0.8303,0.0105,Email,61.46
1487657417,0.9036,0.6704,0.9255,0.0128,Webinar,62.81
1225031149,0.9332,0.9912,0.8178,0.0006,Web,68.57
1194728956,0.585,0.5755,0.2129,0.0148,Email,34.7
1225031925,0.0,0.0,0.0,0.0006,Sales_Rep,0.02
1689677957,0.4169,0.1016,0.0,0.0148,Email,13.33
1437152691,0.8098,1.0,0.5329,0.0148,Web,58.94
1588667893,0.0,0.6047,0.23,0.0142,Web,21.22
1073516696,0.9147,0.3784,0.9153,0.0,Webinar,55.21
1619970506,0.0,0.5856,0.8148,0.0148,Webinar,35.38
1619971694,0.7865,0.991,0.6001,0.0076,Web,59.63
1376546838,0.1027,0.0,0.445,0.0015,Webinar,13.73
1184627929,0.462,0.4571,0.5417,0.0148,Webinar,36.89
1093717381,0.0,0.0658,0.0,0.0085,Web,1.86
1235132432,0.8686,0.9583,0.7728,0.0148,Web,65.36
1891798997,1.0,0.3408,0.8497,0.2438,Email,60.86
1437152394,0.0755,0.2391,0.0348,0.0189,Web,9.21
1699779678,0.4149,0.1737,0.1398,0.0227,Email,18.78
1538162821,0.0,0.1456,0.0,0.0097,Web,3.88
1518960871,0.1317,0.991,0.4203,0.0015,Web,38.61
1346243631,0.9576,0.7375,0.8858,0.0148,Email,64.89
1841292182,0.1051,0.0831,0.0,0.0148,Email,5.07
1780687764,0.6404,0.8229,0.6789,0.0011,Web,53.58
1275536112,0.5565,0.9925,0.9702,0.0027,Web,63.05
1073516969,0.8967,0.6704,0.7813,0.0006,Email,58.72
1568465474,0.3306,0.235,0.0,0.0148,Email,14.51
1184626376,0.7104,0.004,0.1352,0.0055,Email,21.38
1518960673,0.0,0.0808,0.4377,0.0195,Webinar,13.45
1841293503,0.0,0.0027,0.4803,0.0294,Webinar,12.81
1306849922,0.0,0.0,0.6867,0.0015,Webinar,17.2
1073516886,0.0,0.004,0.349,0.0146,Webinar,9.19
1265434476,0.0,0.3353,0.1712,0.0112,Web,12.94
1356344279,0.0,0.9277,0.7102,0.0111,Web,41.23
1114920519,0.3344,0.0027,0.2578,0.0108,Email,15.14
1285637421,0.3844,1.0,0.7324,0.0148,Web,53.29
1629071873,0.4962,0.0359,0.0,0.0085,Email,13.51
1295738169,0.0041,0.0,0.694,0.0152,Webinar,17.83
1750384897,0.7049,0.9184,0.3305,0.0082,Web,49.05
1982608956,0.708,0.9184,0.7044,0.0088,Web,58.49
1750384319,0.9694,0.6156,0.4223,0.006,Email,50.33
1164425518,0.9035,0.9477,0.6447,0.2353,Web,68.28
1043213630,0.0041,0.6131,0.1158,0.2917,Web,25.62
1922001379,0.0,0.0,0.0,0.0055,Sales_Rep,0.14
1740283886,0.2583,0.0,0.0,0.0088,Email,6.68
1689677221,0.8462,0.9925,0.5524,0.0148,Web,60.15
1770586059,0.1473,0.0846,0.2917,0.0015,Webinar,13.13
1831192186,0.6146,0.991,0.853,0.0096,Web,61.7
1346243326,0.7785,0.2331,0.4588,0.0108,Email,37.03
1154324689,0.5624,0.0,0.0887,0.0106,Email,16.54
1972507952,0.4764,0.0,0.0,0.0128,Email,12.23
1689676645,0.6146,0.9721,0.5971,0.0039,Web,54.69
1710980461,0.5919,0.4018,0.2251,0.0119,Email,30.77
1518969567,0.889,1.0,0.8753,0.0148,Web,69.48
1033112933,0.0061,0.1979,0.3927,0.0086,Webinar,15.13
1689677171,0.0,0.0,0.0,0.0108,Sales_Rep,0.27
1104828482,0.1502,0.0473,0.0,0.0065,Email,5.1
1396747671,0.0,0.4688,0.0,0.4179,Web,22.17
1811990252,0.2606,0.0265,0.0927,0.0086,Email,9.71
1982606000,0.5719,1.0,0.8423,0.0039,Web,60.45
1639172224,0.9208,1.0,0.7243,0.0123,Web,66.44
1558364158,0.0,0.2102,0.7324,0.0015,Webinar,23.6
1881697928,0.8267,0.4826,0.8688,0.0152,Webinar,54.83
1598767790,0.0,0.0848,0.4075,0.0,Webinar,12.31
1821091877,0.0,0.0983,0.0,0.0152,Web,2.84
1538162250,0.6493,0.8696,0.0,0.0195,Web,38.46
1972506145,0.9443,0.4296,0.9073,0.0011,Email,57.06
1073515326,0.8267,0.1274,0.8948,0.0011,Webinar,46.25
1174526826,0.6347,1.0,0.9343,0.2353,Web,70.11
1558364513,0.9129,0.0742,0.2326,0.0015,Email,30.53
1023011707,0.8443,0.9927,0.392,0.0004,Web,55.74
1962405001,0.0,0.0124,0.1527,0.0189,Webinar,4.6
1083616155,0.1298,0.2656,0.1487,0.0006,Web,13.62
1023010220,0.4905,0.9871,0.9677,0.0287,Web,61.85
1962405399,0.007,0.0838,0.0,0.0152,Web,2.65
1093719080,0.5063,0.2255,0.9604,0.0146,Webinar,42.67
1043213689,0.7119,0.4767,0.3332,0.0005,Email,38.06
1790788461,0.7304,0.3067,0.8097,0.0108,Webinar,46.44
1912909136,0.0,0.004,0.0,0.0148,Sales_Rep,0.47
1942204847,0.808,0.9003,0.6881,0.0101,Web,60.16
1295737252,0.6645,0.0077,0.3456,0.0005,Email,25.46
1730182148,0.002,0.1844,0.7904,0.0015,Webinar,24.46
1710980172,0.4519,0.9912,0.7692,0.0111,Web,55.58
1356343578,0.0,0.0208,0.6129,0.0188,Webinar,16.31
1245234582,0.0,0.0158,0.4615,0.0006,Webinar,11.95
1326041062,0.0852,0.0,0.079,0.3771,Sales_Rep,13.53
1336142611,0.9694,0.8941,0.8716,0.0132,Email,68.71
1104829621,0.0,0.4508,0.3927,0.0124,Web,21.4
1619979952,0.2107,0.0,0.016,0.0328,Email,6.49
1770586638,0.2464,0.171,0.0118,0.0015,Email,10.77
1740283001,0.5498,1.0,0.9828,0.0076,Web,63.5
1831192277,0.3939,0.2508,0.7694,0.0086,Webinar,35.57
1669475455,0.0049,0.0233,0.0102,0.0148,Web,1.33
1609879188,0.4764,0.0,0.0064,0.0106,Email,12.34
1073516811,0.1198,0.9651,0.9664,0.0101,Webinar,51.54
1821091505,0.4707,0.928,0.4966,0.0146,Web,47.75
1396748901,0.688,0.8927,0.9383,0.0108,Webinar,63.24
1023011236,0.164,0.9474,0.262,0.0075,Web,34.52
1912909128,0.5484,0.1694,0.795,0.0148,Webinar,38.19
1154324135,0.007,0.0359,0.1255,0.0138,Webinar,4.56
1518960376,0.1185,0.4596,0.4483,0.0075,Web,25.85
1396748216,0.101,0.1527,0.0332,0.0107,Web,7.44
1306848452,0.0908,0.1495,0.0322,0.0105,Web,7.08
1417950080,0.6982,0.9774,0.3719,0.006,Web,51.34
1447253687,0.8996,0.4073,0.96,0.0152,Webinar,57.05
1649272733,0.0,0.0073,0.2169,0.0081,Webinar,5.81
1770586810,0.9014,0.8086,0.8325,0.0076,Email,63.75
1801899505,0.4704,0.0,0.0182,0.0149,Email,12.59
1992708127,0.9667,0.8372,0.4596,0.0074,Email,56.77
1356344311,0.0,0.5756,0.0,0.0015,Web,14.43
1912900416,0.0423,0.4829,0.108,0.0096,Web,16.07
1700889094,0.0206,0.0161,0.6351,0.0152,Webinar,17.17
1932103900,0.0,0.0027,0.1873,0.0015,Webinar,4.79
1225031818,0.6042,0.9912,0.8964,0.0096,Web,62.54
1629070818,0.8789,0.991,0.5697,0.0095,Web,61.23
1639172430,0.1606,0.6242,0.0,0.001,Web,19.64
1750384293,0.002,0.0,0.0204,0.0148,Webinar,0.93
1114920899,0.0233,0.0027,0.0,0.0148,Email,1.02
1194727370,0.5594,0.0,0.0527,0.0032,Email,15.38
1366445264,0.9851,0.7018,0.4616,0.0011,Email,53.74
1679576458,0.7821,0.0,0.0,0.0032,Email,19.63
1588667133,0.0564,0.1864,0.0,0.0148,Web,6.44
1851394795,0.7908,0.7388,0.4609,0.0086,Email,49.98
1528061165,0.9694,0.9823,0.6632,0.0102,Web,65.63
1992708234,0.601,1.0,0.5531,0.0145,Web,54.22
1427051234,0.2428,0.0709,0.4635,0.0178,Webinar,19.88
1346242435,0.9572,0.5439,0.4381,0.0138,Email,48.82
1457354417,0.002,0.2998,0.4985,0.0039,Webinar,20.1
1821091018,0.3279,0.006,0.0,0.0107,Email,8.62
1770586323,0.002,0.0,0.6837,0.0096,Webinar,17.38
1366445959,0.0,0.1589,0.0,0.0152,Web,4.35
1033112206,0.0,0.004,0.1998,0.0105,Webinar,5.36
1245233584,0.7866,1.0,0.8924,0.2355,Web,72.86
1023011616,0.627,1.0,0.5819,0.0015,Web,55.26
1134122716,0.8476,1.0,0.435,0.0065,Web,57.23
1154324853,0.9332,0.8478,0.8073,0.0,Email,64.71
1609879733,0.0,0.5774,0.2326,0.0107,Web,20.52
1427050657,0.2256,0.5687,0.0,0.0087,Web,20.08
1407859168,0.2079,0.0832,0.4314,0.0,Webinar,18.06
1558364240,0.2256,0.0,0.945,0.2464,Webinar,35.42
1194727412,0.1165,0.9576,0.9856,0.0102,Webinar,51.75
1760485452,0.0041,0.0239,0.0,0.0104,Web,0.96
1821090028,0.0142,0.1492,0.5815,0.2013,Webinar,23.66
1801899083,0.0041,0.6585,0.0825,0.0148,Web,19.0
1265435192,0.304,0.0193,0.0,0.0152,Email,8.46
1861494825,0.3001,0.0027,0.0,0.0081,Email,7.77
1003810094,0.0908,0.2956,0.1355,0.0015,Web,13.08
1467455816,0.8443,0.4902,0.9102,0.0011,Webinar,56.14
1750383832,0.0041,0.0719,0.2239,0.0015,Webinar,7.54
1215931597,0.002,0.0983,0.0,0.0075,Web,2.7
1700889276,0.889,0.4384,0.8121,0.0015,Email,53.52
1477556264,0.0,0.0,0.0,0.0032,Sales_Rep,0.08
1841293024,0.2891,0.006,0.0794,0.0148,Email,9.73
1144223595,0.5727,0.991,0.9312,0.0215,Web,62.91
1982607982,0.8267,0.9927,0.7559,0.0148,Web,64.75
1780687947,0.5861,0.9163,0.9435,0.0111,Webinar,61.42
1144223355,0.3862,0.0,0.0,0.0095,Email,9.89
1487657284,0.0665,0.3536,0.0189,0.0096,Web,11.22
1578566253,0.5196,0.088,0.4366,0.0075,Email,26.29
1295738607,0.882,1.0,0.6055,0.0015,Web,62.23
1750384541,0.3096,0.7127,0.8204,0.0124,Webinar,46.38
1982608873,0.9485,0.991,0.9919,0.0004,Webinar,73.3
1174526503,0.0041,0.0,0.1324,0.0109,Webinar,3.68
1700889920,0.838,0.9199,0.8869,0.0148,Web,66.49
1053314658,0.0431,0.0,0.7834,0.0006,Webinar,20.68
1184627747,0.3279,0.277,0.0,0.0195,Email,15.61
1952304974,0.0,0.0,0.2042,0.006,Webinar,5.26
1245233956,0.1412,0.0726,0.8782,0.0059,Webinar,27.45
1013919224,0.8636,0.0735,0.0122,0.0015,Email,23.77
1053314310,0.738,1.0,0.3381,0.0078,Web,52.1
1932102613,0.6236,0.9772,0.4125,0.0062,Web,50.49
1275536443,0.0564,0.0756,0.1573,0.0104,Webinar,7.49
1609879683,0.9159,0.7613,0.4377,0.0111,Email,53.15
1023011004,0.5217,0.6352,0.9078,0.0152,Webinar,52.0
1598767857,0.6402,0.9772,0.7728,0.0079,Web,59.95
1619971512,0.3111,0.0027,0.0,0.0015,Email,7.88
1497758908,0.0,0.0,0.6661,0.0148,Webinar,17.02
1922001932,0.7253,0.936,0.8238,0.2889,Web,69.35
1285637215,0.1147,1.0,0.8999,0.0015,Web,50.4
1669474946,0.9159,0.004,0.5202,0.0015,Email,36.04
1962405175,0.035,0.0,0.7634,0.0015,Webinar,20.0
1629071105,0.0265,0.4725,0.081,0.0256,Web,15.14
1609879618,0.863,1.0,0.9711,0.0128,Web,71.17
1447253547,0.1138,0.0073,0.0,0.0011,Email,3.06
1255334959,0.3338,0.0158,0.0,0.0108,Email,9.01
1497758338,0.3375,0.6787,0.6385,0.0,Web,41.37
1558364463,0.0,0.9134,0.0636,0.0015,Web,24.46
1508869751,0.7133,0.0203,0.0,0.0039,Email,18.44
1558364406,0.7416,0.2181,0.0,0.0152,Email,24.37
1528061058,0.0,0.0,0.081,0.0112,Webinar,2.31
1255334033,0.688,0.8365,0.0652,0.0152,Web,40.12
1659374114,0.6916,0.8283,0.3742,0.2258,Web,53.0
1619970092,0.5861,0.8009,0.9001,0.0076,Webinar,57.37
1255334348,0.4839,0.1335,0.0182,0.0108,Email,16.16
1871596692,0.4915,0.2391,0.4405,0.0075,Email,29.47
1972506020,0.1041,0.2454,0.0,0.0108,Web,9.01
1811999121,0.6884,0.0,0.0,0.0005,Email,17.22
1477555639,0.0145,0.0,0.0,0.0032,Email,0.44
1548263072,0.002,0.6514,0.0,0.0148,Web,16.71
1235132937,0.0908,0.0027,0.0,0.0015,Email,2.38
1982608964,0.0,0.2247,0.0997,0.0058,Web,8.26
1639172513,0.1649,0.9823,0.0,0.0246,Web,29.3
1649273889,0.0,0.0236,0.0102,0.0108,Web,1.12
1205839958,0.0,0.0281,0.2014,0.0011,Webinar,5.76
1790788479,0.4502,0.1799,0.0038,0.0011,Email,15.88
1881696953,0.0,0.9181,0.8295,0.0015,Web,43.73
1326040510,0.8633,0.0832,0.3253,0.0074,Email,31.98
1275536450,0.6104,0.7177,0.3737,0.0183,Web,43.0
1770586448,0.0,0.0,0.1791,0.0039,Webinar,4.58
1720081110,0.9843,0.9927,0.9947,0.0148,Webinar,74.66
1780688010,0.6238,0.6678,1.0,0.0189,Webinar,57.76
1679575799,0.5414,0.2603,0.7784,0.0124,Webinar,39.81
1467456723,0.1204,0.0909,0.8384,0.0079,Webinar,26.44
1992708341,0.0187,0.0,0.0,0.0,Email,0.47
1689677254,0.6146,0.0027,0.0,0.0076,Email,15.62
1831192582,0.368,0.004,0.0334,0.0095,Email,10.37
1679576318,0.0,0.3926,0.2474,0.2589,Web,22.47
1487657029,0.0,0.0809,0.017,0.0185,Web,2.91
1396749388,0.7188,0.0854,0.1487,0.0148,Email,24.19
1770585945,0.8449,0.7948,0.4635,0.0146,Email,52.95
1063415511,0.1912,0.0823,0.0,0.0152,Email,7.22
1629071576,0.6349,0.8985,0.9231,0.0092,Webinar,61.64
1851393086,0.3116,0.3816,0.4032,0.0086,Webinar,27.62
1518960772,0.9384,0.955,0.5376,0.0006,Web,60.79
1326041211,0.0125,0.4512,0.0831,0.0032,Web,13.75
1063415610,0.8876,0.9912,0.8417,0.0,Web,68.01
1861495392,0.9233,0.6055,1.0,0.0146,Webinar,63.58
1669474839,0.002,0.0658,0.0,0.0085,Web,1.91
1770586117,0.8454,0.9847,0.8743,0.0015,Web,67.65
1013910520,0.889,0.3199,0.7191,0.0097,Email,48.44
1932102456,0.1181,0.0,0.0428,0.0152,Email,4.4
1255334363,0.1293,0.0535,0.284,0.0086,Webinar,11.88
1164424255,0.1125,0.0027,0.0571,0.0053,Email,4.44
1003819897,0.0158,0.2268,0.0644,0.0124,Web,7.98
1356344469,0.0,0.0073,0.0,0.0142,Sales_Rep,0.54
1700889011,0.6749,0.8669,0.9392,0.0148,Webinar,62.4
1134121312,0.0908,0.9247,0.9421,0.0148,Webinar,49.31
1316940281,0.0,0.154,0.0562,0.0085,Web,5.47
1194727305,0.0,0.1926,0.0,0.0189,Web,5.29
1487657599,0.5984,0.6352,0.2256,0.0101,Web,36.73
1932102738,0.9572,0.9637,0.9288,0.0227,Web,71.81
1043213580,0.6739,0.9927,0.4232,0.0189,Web,52.72
1790788313,0.9324,0.936,0.9862,0.0148,Webinar,71.74
1316940448,0.2344,0.6098,0.5505,0.0108,Web,35.14
1013910710,0.598,0.9228,0.4357,0.0148,Web,49.28
1417950551,0.0061,0.5313,0.6567,0.3,Webinar,37.35
1609879006,0.6039,0.9772,0.8756,0.0148,Web,61.79
1497757595,0.1316,0.0726,0.1406,0.0006,Webinar,8.64
1396748950,0.6955,0.9958,0.9609,0.0132,Web,66.64
1992707145,0.5237,0.1636,0.0,0.2013,Email,22.22
1407859499,0.6771,0.991,0.9895,0.0,Web,66.44
1346242583,0.0,0.0658,0.0911,0.0108,Webinar,4.19
1366445652,0.1719,1.0,0.8295,0.0011,Web,50.06
1194728212,0.6404,0.9287,0.5961,0.0082,Web,54.34
1457353773,0.9187,0.7963,0.9604,0.0195,Webinar,67.37
1033112651,0.1933,0.6948,0.0102,0.006,Web,22.61
1629071220,0.6085,1.0,0.6734,0.0015,Web,57.09
1790788230,0.3881,0.9113,0.7742,0.2269,Web,57.51
1679575997,0.501,0.4018,0.5121,0.3851,Webinar,45.0
1114920394,0.035,0.0027,0.2038,0.0011,Webinar,6.06
1548263007,0.9525,0.9912,0.6184,0.014,Web,64.4
1285637975,0.002,0.6988,0.2855,0.0158,Web,25.05
1891798153,0.741,0.8581,0.6946,0.0111,Web,57.62
1124021779,0.5429,0.9003,0.7835,0.0124,Web,55.98
1932102480,0.4852,0.9912,0.0,0.0148,Web,37.28
1790788024,0.8984,0.625,0.8527,0.0,Email,59.4
1104829951,0.7905,1.0,0.9966,0.0064,Web,69.84
1699778910,0.5634,0.274,0.9115,0.0032,Webinar,43.8
1538161880,0.0,0.004,0.0429,0.0148,Webinar,1.54
1093718546,0.0,0.0,0.0,0.0111,Sales_Rep,0.28
1841293032,0.1612,0.0027,0.3416,0.0195,Webinar,13.12
1689677288,0.4169,0.0,0.8235,0.0088,Webinar,31.23
1982607370,0.1677,0.3568,0.959,0.006,Webinar,37.24
1548262710,0.6,0.1507,0.0755,0.0195,Email,21.14
1306848601,0.0,0.0385,0.0,0.0152,Web,1.34
1184627341,0.0,0.0,0.0,0.0146,Sales_Rep,0.36
1295738102,0.002,0.0,0.0,0.0148,Sales_Rep,0.42
1679576037,0.0,0.0273,0.0,0.0039,Web,0.78
1336142322,0.0,0.004,0.0064,0.001,Webinar,0.29
1619970118,0.1238,0.0879,0.0,0.0096,Email,5.53
1992708226,0.5237,0.7563,0.5947,0.0081,Web,47.07
1831192913,0.2847,0.0158,0.0,0.0074,Email,7.7
1114921020,0.6146,0.9513,0.6607,0.0148,Web,56.04
1245233766,1.0,0.9772,0.9828,0.2013,Email,79.03
1356345680,0.0,0.0,0.0322,0.2323,Sales_Rep,6.61
1407859408,0.335,0.0769,0.0,0.0063,Email,10.46
1841294808,0.4157,0.8122,0.9823,0.0103,Webinar,55.51
1669475976,0.3774,0.0161,0.6789,0.0006,Webinar,26.82
1205830114,0.3279,0.0,0.3643,0.0011,Webinar,17.33
1528061256,0.6402,0.6055,0.9547,0.0152,Webinar,55.39
1124022181,0.0,0.0431,0.2996,0.0108,Webinar,8.84
1003819269,0.5565,0.9489,0.4021,0.0015,Web,47.72
1558364182,0.0041,0.0027,0.0064,0.0181,Sales_Rep,0.78
1932102449,0.5557,0.3112,0.0802,0.0108,Email,23.95
1619970308,0.4285,0.3761,0.0,0.0075,Email,20.3
1114920345,0.5491,0.7858,0.8908,0.0296,Webinar,56.38
1457354045,0.0,0.0027,0.0,0.0081,Sales_Rep,0.27
1740284728,0.6692,0.0027,0.0064,0.0085,Email,17.17
1720081243,0.8841,0.9772,0.9738,0.001,Web,70.9
1609879527,0.1823,0.642,0.9828,0.0005,Webinar,45.19
1750384855,0.0,0.0266,0.088,0.0086,Webinar,3.08
1932102126,0.1521,0.9651,0.8126,0.0078,Web,48.44
1003818188,0.1023,0.0073,0.1164,0.0059,Webinar,5.8
1740283241,0.6278,0.7311,0.7442,0.2045,Webinar,57.69
1396748398,0.0,0.2246,0.0319,0.0098,Web,6.66
1841292091,0.8706,0.9211,0.3737,0.0108,Web,54.4
1942203716,0.2089,0.0208,0.0,0.0152,Email,6.12
1811999048,0.9694,0.722,0.5819,0.0109,Email,57.1
1790787000,0.0156,0.1865,0.2596,0.0148,Webinar,11.91
1093718405,0.5531,0.1903,0.0,0.0105,Email,18.85
1619979879,0.0,0.0,0.5098,0.0138,Webinar,13.09
1043213978,0.0166,0.0,0.4414,0.0105,Webinar,11.71
1679576110,0.0,0.2172,0.0,0.2353,Sales_Rep,11.31
1104829340,0.1005,0.361,0.1242,0.0152,Web,15.02
1932102563,0.804,0.9204,0.829,0.0112,Web,64.11
1558364505,0.1267,0.5076,0.1616,0.0152,Web,20.28
1942202205,0.9159,1.0,0.918,0.0097,Web,71.09
1194728816,0.0,0.0184,0.0,0.0138,Web,0.8
1295738268,0.638,0.931,0.0779,0.0111,Web,41.45
1073516829,0.6468,0.2289,0.4062,0.0136,Email,32.39
1215930334,0.0,0.029,0.0794,0.0089,Webinar,2.93
1659374122,0.0,0.2834,0.0,0.0195,Web,7.57
1487657342,0.0253,0.5874,0.1146,0.0004,Web,18.19
1053314518,0.7068,0.9912,0.9805,0.0108,Web,67.23
1710989082,0.2633,0.4682,0.964,0.0,Webinar,42.39
1902809908,0.1401,0.0278,0.0,0.0,Email,4.2
1558365817,0.6205,0.0,0.0,0.0011,Email,15.54
1942203419,0.5467,0.0073,0.1449,0.0155,Email,17.86
1982606190,0.0,0.0,0.0,0.0075,Sales_Rep,0.19
1043213424,0.9542,0.3332,0.8573,0.0108,Email,53.89
1861495822,0.0,0.0027,0.0,0.0148,Sales_Rep,0.44
1326041443,0.1138,0.0158,0.6552,0.0183,Webinar,20.08
1487657078,0.0,0.0027,0.1616,0.0148,Webinar,4.48
1073516274,0.5399,0.6637,0.9126,0.0108,Webinar,53.18
1144223280,0.6946,0.9261,0.9641,0.0006,Webinar,64.63
1154324218,0.2795,0.0,0.4263,0.0148,Webinar,18.02
1427051010,0.738,0.9375,0.6695,0.0148,Web,59.0
1922001882,0.0,0.8787,0.1272,0.2437,Web,31.24
1770586679,0.9159,1.0,0.9481,0.0005,Web,71.61
1952304156,0.0,0.0,0.6734,0.466,Webinar,28.48
1316940638,0.0,0.0,0.178,0.0006,Webinar,4.46
1386647022,0.0,0.138,0.0,0.0189,Web,3.92
1780687301,0.002,0.0158,0.0,0.0075,Web,0.63
1023010394,0.0,0.0,0.0,0.2958,Sales_Rep,7.4
1710980933,0.9694,0.8923,0.3775,0.0148,Email,56.35
1154324556,0.8336,0.9649,0.9305,0.0145,Web,68.59
1235132283,0.9379,0.991,0.4257,0.0011,Web,58.89
1487657755,0.1125,0.0807,0.0,0.0099,Email,5.08
1912900903,0.627,0.9912,0.9492,0.0138,Web,64.53
1083617294,0.7012,0.9912,1.0,0.0015,Webinar,67.35
1528061306,0.002,0.0027,0.0772,0.0106,Webinar,2.31
1063415289,0.0,0.0027,0.0038,0.0015,Webinar,0.2
1831191071,0.002,0.7861,0.3104,0.2253,Web,33.1
1083617617,0.002,0.0983,0.967,0.0015,Webinar,26.72
1871596742,0.0,0.0432,0.359,0.0128,Webinar,10.38
1386647998,0.223,0.0,0.1382,0.0006,Email,9.04
1417950577,0.0041,0.0519,0.2202,0.0183,Webinar,7.36
1538161799,0.0,0.4581,0.4674,0.0178,Webinar,23.58
1265435200,0.7361,0.5774,0.9739,0.0155,Webinar,57.57
1609878875,0.466,0.0328,0.0,0.0148,Email,12.84
1497759724,0.0,0.293,0.0,0.0195,Web,7.81
1548262694,0.8633,0.8245,0.7692,0.0108,Email,61.7
1528061652,0.0313,0.2494,0.0,0.0148,Web,7.39
1376546697,0.0,0.0,0.6312,0.0148,Webinar,16.15
1780687392,0.8934,0.259,0.7652,0.0111,Email,48.22
1891797981,0.2548,0.93,0.8755,0.0146,Web,51.87
1063414274,0.9332,0.5558,0.8817,0.0107,Email,59.54
1518960640,0.011,0.0,0.0,0.0152,Sales_Rep,0.66
1497757611,0.1421,0.1718,0.0,0.0006,Web,7.86
1245233154,0.0,0.1746,0.3204,0.0098,Webinar,12.62
1235132903,0.0,0.0,0.1255,0.0011,Webinar,3.16
1285638171,0.784,0.8861,0.4357,0.0099,Web,52.89
1275535221,0.4255,0.1846,0.0,0.0011,Email,15.28
1629070925,0.5123,0.8513,0.7894,0.0015,Web,53.86
1386647576,0.6806,0.4216,0.6695,0.0011,Email,44.32
1700889201,0.0,0.0027,0.0,0.0076,Sales_Rep,0.26
1447252630,0.6769,0.9973,0.5504,0.0152,Web,56.0
1114920485,0.9356,0.9513,0.9176,0.0006,Web,70.13
1669475836,0.5017,0.4433,0.0,0.0101,Email,23.88
1689676801,0.0,0.0,0.0,0.0109,Sales_Rep,0.27
1093718769,0.0,0.1281,0.8703,0.013,Webinar,25.28
1942203401,0.0158,0.3691,0.2293,0.0148,Web,15.72
1205839909,0.9302,0.0982,0.6734,0.0015,Email,42.58
1477556736,0.6337,0.1572,0.0,0.0106,Email,20.04
1205839974,0.0,0.0158,0.2398,0.0148,Webinar,6.76
1295738508,0.6104,0.259,0.2738,0.0112,Email,28.86
1861495798,0.0,0.6504,0.0,0.0075,Web,16.45
1215930318,0.7445,0.0027,0.7985,0.2437,Webinar,44.74
1730182577,0.377,0.0,0.1486,0.0134,Email,13.48
1164425716,0.3659,1.0,0.6734,0.0098,Web,51.23
1881698876,0.9694,0.2379,0.997,0.0184,Webinar,55.57
1215930375,0.9843,0.6506,0.8617,0.0098,Email,62.66
1295738698,0.6914,0.2457,0.9604,0.0011,Webinar,47.46
1386647386,0.8449,0.9772,0.587,0.0221,Web,60.78
1881697340,0.1293,0.7775,0.4163,0.0096,Web,33.32
1922000264,0.0,0.0027,0.0428,0.0075,Webinar,1.32
1184626327,0.7302,0.6664,0.9299,0.0011,Webinar,58.19
1851393144,0.9851,0.7992,0.3821,0.0106,Email,54.42
1265435515,0.5558,0.6267,0.9609,0.0112,Webinar,53.87
1982606125,0.0041,0.0,0.0,0.0088,Sales_Rep,0.32
1881697480,0.0041,0.4276,0.0,0.0101,Web,11.04
1922001569,0.0,0.3125,0.2502,0.0086,Web,14.28
1710980016,0.0,0.1382,0.0,0.0105,Web,3.72
1477556769,0.5905,0.0,0.0,0.0011,Email,14.79
1699778241,0.4915,0.4337,0.0099,0.0091,Email,23.6
1982607362,0.1502,0.0077,0.392,0.0055,Webinar,13.88
1588667737,0.6769,0.5572,0.5634,0.0146,Email,45.3
1235132317,0.0,0.6327,0.8182,0.5425,Webinar,49.84
1689676983,0.6703,0.8794,0.7979,0.0114,Web,58.98
1023011301,0.6727,0.8399,0.4414,0.0106,Web,49.11
1124021829,0.7838,0.7775,0.4259,0.0015,Email,49.72
1699778118,0.002,0.0,0.4148,0.0015,Webinar,10.46
1215930888,0.5079,0.1754,0.0,0.0075,Email,17.27
1992708879,0.0,0.0027,0.2347,0.0055,Webinar,6.07
1871596882,0.9572,0.9985,0.9242,0.0015,Web,72.04
1255334603,0.0,0.5926,0.093,0.0189,Web,17.61
1073517355,0.0,0.0473,0.6339,0.0112,Webinar,17.31
1699778506,0.4499,0.9774,0.9447,0.0,Web,59.3
1013911924,0.0274,0.015,0.0,0.0006,Email,1.08
1487657169,0.7153,0.9664,0.9337,0.0148,Web,65.76
1093718579,0.0,0.3429,0.0699,0.0152,Web,10.7
1538162078,0.627,0.2462,0.9828,0.2832,Webinar,53.48
1942202262,0.0,0.0027,0.9274,0.001,Webinar,23.28
1013911346,0.5237,0.0823,0.1485,0.0039,Email,18.96
1932102530,0.6,0.0832,0.9181,0.0006,Webinar,40.05
1033112800,0.6171,0.9722,0.736,0.0158,Web,58.53
1669476933,0.9212,0.9538,1.0,0.0,Webinar,71.88
1164425195,0.4804,1.0,0.8612,0.0111,Web,58.82
1619979713,0.9356,0.9939,0.934,0.0111,Web,71.86
1871596783,0.7197,0.0879,0.2411,0.0098,Email,26.46
1053314351,0.0,0.2054,0.0,0.006,Web,5.28
1144223439,0.7654,0.0,0.0,0.0055,Email,19.27
1205839917,0.1284,0.0189,0.4263,0.0086,Webinar,14.56
1548263361,0.677,0.8658,0.4059,0.0091,Web,48.95
1619970084,0.7549,0.6948,0.6002,0.0076,Email,51.44
1235132325,0.5042,0.9526,0.9738,0.0039,Webinar,60.86
1336142207,0.9644,0.75,0.3759,0.0101,Email,52.51
1922001551,0.0041,0.0,0.024,0.0011,Webinar,0.73
1790788602,0.101,1.0,0.2888,0.0011,Web,34.77
1679576789,0.664,0.9183,0.1352,0.0132,Web,43.27
1730182973,0.1773,0.6486,0.8118,0.0015,Webinar,40.98
1992708549,0.6108,0.1363,0.0,0.0,Email,18.68
1942204839,0.5506,0.9912,0.7692,0.0088,Web,58.0
1154324408,0.0,0.0439,0.5601,0.0,Webinar,15.1
1013910090,0.8709,0.0926,0.9478,0.0015,Webinar,47.82
1407859069,0.7429,0.8457,0.5686,0.0011,Web,53.96
1467455626,0.002,0.0027,0.4987,0.0108,Webinar,12.86
1013910702,0.0041,0.0027,0.0747,0.0085,Webinar,2.25
1548264518,0.8107,0.873,0.1998,0.0138,Web,47.43
1124021654,0.9549,0.9774,0.8949,0.0011,Web,70.71
1730181868,0.5503,0.0073,0.0,0.0005,Email,13.95
1134122831,0.5946,0.0823,0.1004,0.0081,Email,19.64
1477556983,0.9356,0.4423,0.1453,0.0015,Email,38.12
1124021860,0.6898,0.476,0.5555,0.008,Email,43.23
1831192871,0.424,1.0,0.2915,0.0051,Web,43.02
1932102944,0.0,0.0868,0.0,0.0081,Web,2.37
1699778662,0.2215,0.0,0.4273,0.0011,Webinar,16.25
1336142637,0.0,0.5942,0.7302,0.0108,Webinar,33.38
1295739100,0.438,0.93,0.9913,0.0076,Webinar,59.17
1912900846,0.7856,0.8489,0.8162,0.0145,Web,61.63
1609879360,0.5796,0.0027,0.4287,0.0011,Email,25.3
1477556512,0.9356,0.9273,0.7292,0.2353,Email,70.68
1821091703,0.2092,0.9939,0.7692,0.0076,Web,49.5
1033111091,0.0,0.0,0.4277,0.0113,Webinar,10.98
1366445256,0.789,0.1953,0.9626,0.0103,Webinar,48.93
1043212236,0.3709,0.0027,0.148,0.0075,Email,13.23
1164426425,0.1683,0.0,0.2169,0.001,Webinar,9.65
1295738110,0.9667,0.8612,0.9123,0.0102,Email,68.76
1992707160,0.0187,0.0824,0.0,0.0077,Web,2.72
1528060720,0.0,0.2767,0.4408,0.0138,Webinar,18.28
1619979705,0.6146,0.368,0.2042,0.0011,Email,29.7
1427051168,0.5777,0.9912,0.8497,0.0015,Web,60.5
1578566501,0.8018,0.93,0.8994,0.0106,Web,66.04
1285637967,0.011,0.0027,0.6902,0.0146,Webinar,17.96
1336143676,0.5355,0.9861,0.3937,0.0081,Web,48.08
1265435507,0.3352,0.7039,0.1715,0.0148,Web,30.63
1225032212,0.002,0.0481,0.4021,0.0011,Webinar,11.33
1801898150,0.7195,0.9181,0.9604,0.015,Webinar,65.32
1609878859,0.0,0.0,0.6257,0.0128,Webinar,15.96
1104829548,0.4506,0.0027,0.0,0.0152,Email,11.71
1962405597,0.0,0.0027,0.0,0.0078,Sales_Rep,0.26
1740283126,0.9599,0.9571,0.4646,0.0083,Email,59.75
1609879576,0.8022,0.6704,0.5841,0.0011,Email,51.44
1700888989,0.3014,0.3342,0.0,0.0152,Web,16.27
1154324036,0.002,0.049,0.0,0.0075,Web,1.46
1881697308,0.7566,0.9954,0.9321,0.0015,Web,67.14
1518960962,0.4615,0.0663,0.0226,0.0078,Email,13.96
1982608253,0.1129,0.2288,0.0,0.0108,Web,8.81
1033112578,0.8276,0.8443,0.8924,0.0108,Webinar,64.38
1235131459,0.0,0.3235,0.0,0.0027,Web,8.15
1124021423,0.0,0.0,0.0,0.0039,Sales_Rep,0.1
1942202106,0.6205,0.9973,0.3732,0.0109,Web,50.05
1679576359,0.4139,0.0161,0.0997,0.0189,Email,13.72
1386647873,0.5781,0.9649,0.9828,0.0287,Webinar,63.86
1821091349,0.9027,0.657,0.0,0.0039,Email,39.09
1184627382,0.2245,0.394,0.0889,0.0146,Web,18.05
1902809593,0.007,0.0,0.7686,0.0077,Webinar,19.58
1740283472,0.7998,0.1948,0.2657,0.001,Email,31.53
1659374627,0.9605,0.9387,0.9381,0.2575,Email,77.37
1598768582,0.0,0.2698,0.5578,0.0112,Webinar,20.97
1780687558,0.6637,0.0,0.7044,0.0148,Webinar,34.57
1629070792,0.627,0.9261,0.695,0.0098,Web,56.45
1568465417,0.2527,0.2658,0.0,0.0087,Web,13.18
1538162219,0.873,0.9477,0.4395,0.0075,Web,56.69
1083617112,0.6637,0.0077,0.1033,0.0148,Email,19.74
1588667083,0.0,0.4297,0.0476,0.0227,Web,12.5
1740283175,0.1439,0.0418,0.0102,0.0148,Email,5.27
1043212145,0.0,0.0709,0.0226,0.0152,Web,2.72
1528061876,0.889,0.6611,0.6198,0.0111,Email,54.52
1013910306,0.7828,0.1019,0.0,0.196,Email,27.02
1114929361,0.0367,0.3406,0.0038,0.0294,Web,10.26
1003819863,0.012,0.0,0.5776,0.0148,Webinar,15.11
1316940174,0.6427,0.9912,0.7412,0.0105,Web,59.64
1932101128,0.627,0.6722,0.9367,0.0106,Webinar,56.16
1821090184,0.5097,0.0,0.0,0.0075,Email,12.93
1194728584,0.784,0.9181,0.6426,0.0124,Web,58.93
1447253380,0.5657,0.0027,0.8997,0.0152,Webinar,37.08
1265434435,0.6777,0.9956,0.8314,0.0105,Web,62.88
1164425658,0.589,0.0077,0.016,0.018,Email,15.77
1326041526,0.9599,0.7026,0.5578,0.0015,Email,55.54
1891798658,0.5306,0.6556,0.964,0.0081,Webinar,53.96
1609879881,0.0149,0.0,0.0,0.0098,Email,0.62
1053315333,0.3121,0.0027,0.0809,0.0011,Email,9.92
1962405266,0.2847,0.3176,0.1527,0.0148,Web,19.25
1194728451,0.6982,0.0,0.2578,0.0075,Email,24.09
1902809981,0.8105,0.7262,0.9019,0.0148,Webinar,61.34
1013910496,0.5165,0.079,0.6108,0.0032,Webinar,30.24
1790787752,0.8247,1.0,0.445,0.0098,Web,56.99
1689677882,0.0,0.0,0.0,0.1605,Sales_Rep,4.01
1619970381,0.1898,0.0291,0.0519,0.0138,Email,7.11
1881697076,0.2374,0.7984,0.5706,0.0079,Web,40.36
1336142868,0.5558,0.0027,0.0,0.0055,Email,14.1
1053314096,0.5819,0.642,0.5448,0.0011,Web,44.24
1396748083,0.6104,0.2808,0.679,0.0112,Webinar,39.54
1770585044,0.523,0.9912,0.7661,0.0011,Web,57.04
1629071139,0.1435,0.4821,0.0297,0.0088,Web,16.6
1245233519,0.8466,0.3353,0.9389,0.0096,Webinar,53.26
1982607644,0.7307,0.0,0.4775,0.0055,Email,30.34
1386647436,0.6402,0.9772,0.9435,0.0081,Web,64.23
1902808298,0.5503,0.0485,0.401,0.0317,Email,25.79
1154324812,0.8961,0.9583,0.7784,0.018,Web,66.27
1104820471,0.7234,0.9954,0.6781,0.0088,Web,60.14
1205838331,0.4306,0.0073,0.7412,0.0089,Webinar,29.7
1255334371,0.1175,0.0027,0.081,0.0149,Email,5.4
1174526958,0.002,0.3517,0.0,0.0155,Web,9.23
1598767642,0.0,0.0,0.3853,0.0006,Webinar,9.65
1568464808,0.1019,0.0189,0.1052,0.008,Webinar,5.85
1114929346,0.4665,0.991,0.7248,0.0178,Web,55.0
1144222340,0.0,0.0,0.0204,0.0,Webinar,0.51
1487656682,0.0,0.006,0.0,0.1574,Sales_Rep,4.09
1053315036,0.0,0.1531,0.4139,0.0006,Webinar,14.19
1609879659,0.8599,0.991,0.8413,0.0032,Web,67.39
1578566709,0.002,0.0,0.0,0.0089,Sales_Rep,0.27
1780687376,0.0,0.078,0.0,0.0011,Web,1.98
1558364117,0.163,0.0473,0.3673,0.0195,Webinar,14.93
1336142983,0.0,0.7732,0.0,0.0039,Web,19.43
1124021100,0.002,0.3357,0.1166,0.0107,Web,11.62
1306849138,0.0807,0.171,0.0,0.0148,Web,6.66
1215930037,0.9129,0.8856,0.8547,0.0152,Email,66.71
1265435622,0.0,0.0,0.1375,0.0145,Webinar,3.8
1356344261,0.5296,1.0,0.7044,0.0081,Web,56.05
1639172703,0.0807,0.8236,0.3204,0.0115,Web,30.9
1528061801,0.7827,0.7233,0.2742,0.0011,Email,44.53
1306849468,0.0061,0.0161,0.0,0.0059,Web,0.7
1528061702,0.7049,0.006,0.0,0.0138,Email,18.12
1811990625,0.4212,0.6365,0.4992,0.0189,Web,39.4
1760485593,0.8089,1.0,0.9677,0.0062,Web,69.57
1548263932,0.3621,0.004,0.1232,0.0,Email,12.23
1558363796,0.5645,0.1928,0.9327,0.0148,Webinar,42.62
1962405308,0.2408,0.0301,0.0,0.0096,Email,7.01
1922000116,0.5658,0.871,0.8386,0.0011,Web,56.91
1063414290,0.3881,0.9447,0.267,0.0152,Web,40.38
1982607487,0.0,0.006,0.3062,0.0108,Webinar,8.08
1205830106,0.8634,0.1665,0.4573,0.0011,Email,37.21
1891797056,0.0,0.8158,0.0,0.0313,Web,21.18
1336141522,0.9332,0.3761,0.63,0.0085,Email,48.69
1053314773,0.16,0.3669,0.2773,0.0088,Web,20.33
1457354474,0.2092,0.2001,0.0,0.0112,Email,10.51
1811990021,0.7482,1.0,0.4287,0.193,Web,59.25
1851394688,0.6615,0.4827,0.8254,0.0158,Webinar,49.64
1902809643,0.2385,0.004,0.5107,0.2013,Webinar,23.86
1902800899,1.0,0.7653,0.9776,0.0195,Email,69.06
1528061595,0.0125,0.7749,0.0,0.0011,Web,19.71
1528061942,0.5063,0.0,0.0,0.0086,Email,12.87
1770586034,0.0,0.259,0.8416,0.0111,Webinar,27.79
1104828318,0.0,0.2917,0.1396,0.0101,Web,11.04
1063415024,0.002,0.0,0.0,0.001,Email,0.08
1629071709,0.7612,0.8425,0.806,0.0111,Web,60.52
1598768673,0.6983,0.2927,0.1509,0.0148,Email,28.92
1548263866,0.8514,0.7505,0.2411,0.0108,Email,46.35
1174525489,0.9302,1.0,0.9488,0.0005,Web,71.99
1063415735,0.1412,0.1065,0.1711,0.012,Webinar,10.77
1992708655,0.7885,0.9772,0.6567,0.0088,Web,60.78
1225031453,0.0205,0.1836,0.0516,0.0138,Web,6.74
1780686899,1.0,0.8957,0.8985,0.0108,Email,70.12
1790788685,0.2654,0.0027,0.0,0.0108,Email,6.97
1013910900,0.0219,0.0,0.0204,0.0148,Email,1.43
1568465409,0.0,0.0,0.0,0.0095,Sales_Rep,0.24
1154324978,0.0174,0.3214,0.0,0.01,Web,8.72
1427051952,0.002,0.1576,0.0412,0.0111,Web,5.3
1013919109,0.7731,0.6664,0.6653,0.0011,Email,52.65
1336142678,0.1433,0.9664,0.0,0.0152,Web,28.12
1114920246,0.2559,0.0457,0.3263,0.0111,Webinar,15.98
1073515193,0.1005,0.0027,0.4473,0.0111,Webinar,14.04
1245233840,0.8709,1.0,0.9355,0.0,Web,70.16
1306849435,0.6402,0.7772,0.3472,0.0,Web,44.12
1538162490,0.0,0.0,0.0,0.0011,Sales_Rep,0.03
1932102241,0.4603,0.2563,0.0,0.011,Email,18.19
1134121288,0.9159,0.279,0.4395,0.0076,Email,41.05
1992708390,0.7998,0.9954,0.5625,0.0132,Web,59.27
1255333456,0.7109,0.7467,0.2202,0.0015,Web,41.98
1689677338,0.011,0.0027,0.0277,0.0034,Webinar,1.12
1104828169,0.6361,0.8009,0.9083,0.0148,Webinar,59.0
1053314880,0.0,0.0,0.0,0.2464,Sales_Rep,6.16
1780688036,0.5063,0.991,0.9107,0.0006,Web,60.22
1154324960,0.8282,0.5944,0.7368,0.0179,Email,54.43
1063415123,0.6402,0.667,0.1871,0.0148,Web,37.73
1770586372,0.598,0.4686,0.9799,0.0148,Webinar,51.53
1386647246,0.6978,0.0552,0.0,0.0064,Email,18.98
1144223207,1.0,0.4417,0.8539,0.0105,Email,57.65
1942203062,0.8643,0.8847,0.6969,0.0078,Web,61.34
1295738458,0.0338,0.3079,0.1755,0.0095,Web,13.17
1225032246,0.0,0.0124,0.0807,0.0165,Webinar,2.74
1225031974,0.8443,0.9463,0.7412,0.0148,Web,63.67
1982607263,0.002,0.0027,0.0,0.0152,Sales_Rep,0.5
1093718421,0.0,0.0,0.6928,0.0015,Webinar,17.36
1215930508,0.2176,0.1971,0.0,0.0108,Email,10.64
1346243052,0.9159,0.9939,0.706,0.0078,Web,65.59
1528061439,0.6272,0.0073,0.4822,0.0032,Email,28.0
1346243904,0.81,0.3659,0.3073,0.0011,Email,37.11
1053314914,0.1712,0.0,0.5641,0.0148,Webinar,18.75
1548263213,0.7224,0.6068,0.6184,0.0101,Email,48.94
1427050632,0.0,0.0,0.0,0.0011,Sales_Rep,0.03
1205839248,0.8425,0.847,0.9791,0.0006,Webinar,66.73
1336141530,0.6982,1.0,0.4507,0.0005,Web,53.74
1740283118,1.0,0.9912,0.9738,0.0062,Email,74.28
1134122161,0.1125,0.0,0.4123,0.0098,Webinar,13.37
1770586356,0.0052,0.6086,0.1461,0.0152,Web,19.38
1578567566,0.0,0.6377,0.202,0.0032,Web,21.07
1356344352,0.0,0.0427,0.0,0.001,Web,1.09
1174526891,0.4415,0.747,0.0231,0.001,Web,30.31
1285636498,0.0,0.0,0.1166,0.0148,Webinar,3.28
1962405035,0.7827,0.2659,0.8061,0.0148,Webinar,46.74
1922001593,0.0073,0.0,0.0,0.0152,Sales_Rep,0.56
1922000124,0.738,1.0,0.6129,0.0091,Web,59.0
1003819335,0.0,0.0,0.2855,0.0105,Webinar,7.4
1356344824,0.2453,0.1483,0.7914,0.0011,Webinar,29.65
1841292034,0.1343,0.0073,0.0967,0.0111,Email,6.24
1922001783,0.889,0.8388,1.0,0.0134,Webinar,68.53
1285637991,0.4425,0.2731,0.2921,0.0075,Email,25.38
1104828425,0.5819,0.9258,0.8005,0.0108,Web,57.98
1427051507,0.523,1.0,0.4473,0.0102,Web,49.51
1053314344,0.8443,0.991,0.6936,0.0015,Web,63.26
1801899588,0.0,0.2483,0.964,0.0109,Webinar,30.58
1376547604,0.012,0.9261,0.0,0.0076,Web,23.64
1023011327,0.3631,0.5872,0.0,0.0152,Web,24.14
1942203328,0.0061,0.0,0.0,0.0195,Sales_Rep,0.64
1124020318,0.3988,0.0,0.4377,0.0152,Webinar,21.29
1457354334,0.0,0.0,0.3487,0.0148,Webinar,9.09
1477556470,0.0041,0.0027,0.0,0.0082,Sales_Rep,0.38
1154325058,0.5022,0.9774,0.8577,0.0105,Web,58.7
1891797163,0.727,0.924,0.7623,0.0152,Web,60.71
1750384947,0.0102,0.004,0.024,0.0146,Webinar,1.32
1417950601,0.3443,0.0189,0.0,0.0062,Email,9.24
1902809098,0.9157,0.6867,0.8803,0.0152,Email,62.45
1346243748,0.4922,0.0535,0.0,0.0105,Email,13.9
1689676793,0.9024,0.9801,1.0,0.001,Webinar,72.09
1033112347,0.1147,0.2659,0.8882,0.2791,Webinar,38.7
1699778696,0.4519,0.0027,0.1871,0.0148,Email,16.41
1528061546,0.0061,0.0027,0.0,0.0055,Email,0.36
1104828151,0.5526,0.5223,0.7728,0.0148,Webinar,46.56
1740282086,1.0,0.9958,0.8384,0.0152,Email,71.24
1285637314,0.469,0.9348,0.5871,0.0148,Web,50.14
1265435143,0.0,0.0013,0.3791,0.0145,Webinar,9.87
1821090010,0.0423,0.3665,0.0102,0.0149,Web,10.85
1942203237,0.0508,0.1086,0.1471,0.0111,Webinar,7.94
1306848502,0.3338,0.0,0.0322,0.0011,Email,9.18
1821091117,0.1005,0.0222,0.108,0.0032,Webinar,5.85
1093717308,0.3312,1.0,0.5107,0.0148,Web,46.42
1427050475,0.2503,0.0,0.0,0.0097,Email,6.5
1598768434,0.9426,0.7233,0.6909,0.0015,Email,58.96
1033112917,0.0,0.0,0.0689,0.0152,Webinar,2.1
1932102399,0.012,0.0,0.0,0.0069,Email,0.47
1396747697,0.9694,0.0535,0.984,0.0148,Webinar,50.54
1598768269,0.319,0.004,0.2294,0.0089,Email,14.03
1811990401,0.0,0.1483,0.0064,0.0015,Web,3.9
1003810904,0.002,0.0,0.0,0.0032,Sales_Rep,0.13
1023012366,0.2256,0.8263,0.835,0.0112,Webinar,47.45
1124020300,0.5295,0.0769,0.0,0.0032,Email,15.24
1669475554,0.0,0.004,0.0064,0.0148,Sales_Rep,0.63
1073516506,0.2033,0.0193,0.3913,0.1991,Webinar,20.32
1891798005,0.2877,0.8039,0.0231,0.0055,Web,28.0
1942204227,0.7712,0.9027,0.7559,0.0152,Web,61.13
1841293107,0.4768,0.0381,0.7102,0.0102,Webinar,30.88
1801899091,0.0,0.0519,0.2493,0.0148,Webinar,7.9
1245233774,0.6789,0.9152,0.9641,0.0152,Webinar,64.34
1619970068,0.889,0.3972,0.4651,0.0097,Email,44.03
1124021233,0.5565,0.0,0.0064,0.0189,Email,14.54
1568464865,0.5484,0.1233,0.0,0.0063,Email,16.95
1609870682,0.0,0.0364,0.0666,0.0106,Webinar,2.84
1053314757,0.9159,1.0,0.9176,0.0108,Web,71.11
1548263882,0.5175,0.188,0.2578,0.0148,Email,24.45
1679576151,0.0,0.0193,0.0,0.0098,Web,0.73
1437152774,0.0895,0.2082,0.2906,0.0219,Webinar,15.26
1710980677,0.5695,0.6703,0.4779,0.0111,Web,43.22
1790788412,0.6402,0.0,0.0,0.0092,Email,16.24
1356345615,0.8636,0.8236,0.5547,0.0011,Email,56.08
1063415925,0.3621,0.9169,0.8624,0.0087,Web,53.75
1629070784,0.1363,0.0838,0.2888,0.0092,Webinar,12.95
1760485288,0.0,0.0,0.1546,0.0108,Webinar,4.14
1124022496,0.5295,0.0,0.2333,0.0099,Email,19.32
1235131509,0.0158,0.0,0.1391,0.0111,Webinar,4.15
1740283399,0.7483,0.0073,0.3053,0.0095,Email,26.76
1821090002,0.2355,0.8944,0.959,0.0146,Webinar,52.59
1881697142,0.3523,0.0,0.104,0.0152,Email,11.79
1306849195,0.007,0.0285,0.165,0.0195,Webinar,5.5
1184627994,0.627,0.0726,0.4704,0.0011,Email,29.28
1033112529,0.0,0.4176,0.3147,0.0,Web,18.31
1063415388,0.2723,0.5635,0.0,0.0087,Web,21.11
1790788545,0.0081,0.1042,0.1044,0.0015,Webinar,5.46
1023012358,0.0,0.0667,0.6216,0.01,Webinar,17.46
1710989025,0.9212,1.0,0.4273,0.0032,Web,58.79
1154324184,0.7412,0.9954,0.9231,0.0106,Web,66.76
1669475273,0.863,0.9973,0.2599,0.0111,Web,53.28
1982606281,0.584,0.3621,0.7063,0.015,Webinar,41.68
1700889375,0.002,0.1564,0.0231,0.0175,Web,4.98
1598768145,0.4264,0.0,0.0224,0.0132,Email,11.55
1841292166,0.8276,0.0,0.2289,0.0111,Email,26.69
1407859275,0.66,0.1316,0.0714,0.0112,Email,21.86
1336143668,0.8278,1.0,0.7894,0.1621,Web,69.48
1376546275,0.6757,0.9396,0.9242,0.0011,Web,63.52
1497758205,0.4506,0.2412,0.2333,0.001,Email,23.15
1962405662,0.9014,0.6948,0.7595,0.0011,Email,58.92
1659375624,0.0219,0.0418,0.0966,0.0152,Webinar,4.39
1972506012,0.7303,0.5674,0.8573,0.0015,Webinar,53.91
1568465383,0.0061,0.0073,0.7737,0.0076,Webinar,19.87
1023011731,0.6744,0.5599,0.8527,0.0148,Webinar,52.54
1386646560,0.6846,0.6377,0.8985,0.011,Webinar,55.8
1689677098,0.0041,0.006,0.0,0.0085,Sales_Rep,0.46
1710980289,0.9572,0.1432,0.7781,0.0111,Email,47.24
1023011251,0.4533,0.9324,0.8152,0.0039,Web,55.12
1962405332,0.8943,0.9772,0.6891,0.0148,Web,64.39
1083618052,0.0187,0.2849,0.0,0.008,Web,7.79
1861494114,0.6982,0.1021,0.6351,0.0195,Email,36.37
1093718967,0.0041,0.0,0.0,0.0106,Sales_Rep,0.37
1508869348,0.1531,0.1953,0.1451,0.0006,Web,12.35
1548263874,0.6703,1.0,0.9828,0.0114,Web,66.61
1003819939,0.0263,0.1752,0.0366,0.0158,Web,6.35
1336141449,0.1027,0.6948,0.077,0.0032,Web,21.94
1144222456,0.5819,0.8583,0.9662,0.0082,Webinar,60.36
1851394118,0.6146,0.0313,0.0,0.0039,Email,16.24
1720080906,0.2003,0.0667,0.0,0.0148,Email,7.04
1366445603,0.0,0.2457,0.0,0.0015,Web,6.18
1225031594,0.0,0.0,0.0,0.0085,Sales_Rep,0.21
1083616346,0.0,0.0,0.2092,0.0076,Webinar,5.42
1992708010,0.7852,0.888,0.6711,0.0111,Web,58.88
1174526511,0.9354,0.8923,0.955,0.0148,Webinar,69.94
1588667067,0.0,0.0073,0.6734,0.0006,Webinar,17.03
1619970340,0.4255,0.0176,0.0682,0.0055,Email,12.92
1518960939,0.7629,0.9261,0.3675,0.0148,Web,51.78
1417950478,0.4813,0.0353,0.0,0.0148,Email,13.28
1427051416,0.002,0.0,0.0,0.0087,Sales_Rep,0.27
1366445967,0.7484,0.1344,0.4647,0.0108,Email,33.96
1437152956,0.035,0.5219,0.093,0.2098,Web,21.49
1689677205,0.6402,0.823,0.2461,0.0111,Web,43.01
1881697852,0.5819,0.0278,0.0,0.0142,Email,15.6
1144222373,0.2633,0.5182,0.0,0.0108,Web,19.81
1730183062,0.7611,0.0,0.3246,0.0085,Email,27.36
1013910538,0.0,0.1136,0.0,0.0011,Web,2.87
1710989892,0.8882,0.2782,0.073,0.0005,Email,31.0
1952304941,0.5503,0.9973,0.7475,0.0059,Web,57.53
1235132333,0.0125,0.2237,0.0064,0.021,Web,6.59
1588667398,0.6982,0.7465,0.4811,0.0115,Web,48.43
1336142876,0.1005,0.0027,0.4386,0.0126,Webinar,13.86
1174526115,0.3484,0.0161,0.0,0.0011,Email,9.14
1952304073,0.6337,0.9912,0.7386,0.0091,Web,59.32
1447252556,0.0,0.006,0.0,0.0039,Web,0.25
1972506129,0.226,1.0,0.2149,0.0098,Web,36.27
1831191006,0.4651,0.3064,0.0,0.0152,Email,19.67
1902800253,0.0,0.0,0.0334,0.0195,Webinar,1.32
1316949605,0.0,0.1082,0.0571,0.0108,Web,4.4
1023010378,0.0,0.0161,0.0,0.0089,Web,0.62
1033112271,0.6402,0.2082,0.7266,0.0219,Webinar,39.92
1104829720,0.627,0.0705,0.0,0.0155,Email,17.82
1760485544,0.0,0.0,0.1352,0.0106,Webinar,3.64
1295737419,0.0,0.7648,0.0,0.0088,Web,19.34
1144224403,0.0,0.3463,0.3932,0.0089,Webinar,18.71
1558363895,0.0,0.0,0.8152,0.0105,Webinar,20.64
1902809775,0.9549,0.9375,0.7413,0.0147,Email,66.21
1104828441,0.3279,0.1193,0.0,0.0108,Email,11.45
1871596858,0.8105,0.9927,0.3353,0.0152,Web,53.84
1043213481,0.598,0.2457,0.0659,0.0075,Email,22.93
1386647949,0.7588,0.9411,0.8497,0.0095,Web,63.98
